accepted_taxon_key,order_name,family_name,genus_name,search_species_name,gbif_species_name,confidence,status,match_type,rank,source
1967873,Lepidoptera,Geometridae,Abraxas,Abraxas grossulariata,Abraxas grossulariata,98,ACCEPTED,EXACT,SPECIES,london31May2023
1967803,Lepidoptera,Geometridae,Abraxas,Abraxas pantaria,Abraxas pantaria,99,ACCEPTED,EXACT,SPECIES,london31May2023
1967815,Lepidoptera,Geometridae,Abraxas,Abraxas sylvata,Abraxas sylvata,98,ACCEPTED,EXACT,SPECIES,london31May2023
7681733,Lepidoptera,Geometridae,Acasis,Acasis viretata,Acasis viretata,99,ACCEPTED,EXACT,SPECIES,london31May2023
1973327,Lepidoptera,Geometridae,Adactylotis,Adactylotis contaminaria,Adactylotis contaminaria,99,ACCEPTED,EXACT,SPECIES,london31May2023
1990150,Lepidoptera,Geometridae,Aethalura,Aethalura punctulata,Aethalura punctulata,99,ACCEPTED,EXACT,SPECIES,london31May2023
5769072,Lepidoptera,Geometridae,Agriopis,Agriopis aurantiaria,Agriopis aurantiaria,99,ACCEPTED,EXACT,SPECIES,london31May2023
5769062,Lepidoptera,Geometridae,Agriopis,Agriopis leucophaearia,Agriopis leucophaearia,99,ACCEPTED,EXACT,SPECIES,london31May2023
5769068,Lepidoptera,Geometridae,Agriopis,Agriopis marginaria,Agriopis marginaria,99,ACCEPTED,EXACT,SPECIES,london31May2023
5143477,Lepidoptera,Geometridae,Alcis,Alcis jubata,Alcis jubata,99,ACCEPTED,EXACT,SPECIES,london31May2023
5143380,Lepidoptera,Geometridae,Alcis,Alcis repandata,Alcis repandata,99,ACCEPTED,EXACT,SPECIES,london31May2023
4524403,Lepidoptera,Geometridae,Aleucis,Aleucis distinctata,Aleucis distinctata,99,ACCEPTED,EXACT,SPECIES,london31May2023
5143947,Lepidoptera,Geometridae,Alsophila,Alsophila aescularia,Alsophila aescularia,99,ACCEPTED,EXACT,SPECIES,london31May2023
1965913,Lepidoptera,Geometridae,Angerona,Angerona prunaria,Angerona prunaria,99,ACCEPTED,EXACT,SPECIES,london31May2023
1975793,Lepidoptera,Geometridae,Anticlea,Anticlea derivata,Anticlea derivata,99,ACCEPTED,EXACT,SPECIES,london31May2023
1975571,Lepidoptera,Geometridae,Anticollix,Anticollix sparsata,Anticollix sparsata,99,ACCEPTED,EXACT,SPECIES,london31May2023
1962860,Lepidoptera,Geometridae,Apeira,Apeira syringaria,Apeira syringaria,99,ACCEPTED,EXACT,SPECIES,london31May2023
5149474,Lepidoptera,Geometridae,Aplasta,Aplasta ononaria,Aplasta ononaria,99,ACCEPTED,EXACT,SPECIES,london31May2023
1984954,Lepidoptera,Geometridae,Aplocera,Aplocera efformata,Aplocera efformata,99,ACCEPTED,EXACT,SPECIES,london31May2023
1984942,Lepidoptera,Geometridae,Aplocera,Aplocera plagiata,Aplocera plagiata,99,ACCEPTED,EXACT,SPECIES,london31May2023
1984949,Lepidoptera,Geometridae,Aplocera,Aplocera praeformata,Aplocera praeformata,99,ACCEPTED,EXACT,SPECIES,london31May2023
1961068,Lepidoptera,Geometridae,Apocheima,Apocheima hispidaria,Apocheima hispidaria,99,ACCEPTED,EXACT,SPECIES,london31May2023
8329661,Lepidoptera,Geometridae,Archiearis,Archiearis notha,Archiearis notha,99,ACCEPTED,EXACT,SPECIES,london31May2023
1975733,Lepidoptera,Geometridae,Archiearis,Archiearis parthenias,Archiearis parthenias,99,ACCEPTED,EXACT,SPECIES,london31May2023
1967273,Lepidoptera,Geometridae,Aspitates,Aspitates gilvaria,Aspitates gilvaria,99,ACCEPTED,EXACT,SPECIES,london31May2023
1967265,Lepidoptera,Geometridae,Aspitates,Aspitates ochrearia,Aspitates ochrearia,99,ACCEPTED,EXACT,SPECIES,london31May2023
1987744,Lepidoptera,Geometridae,Asthena,Asthena albulata,Asthena albulata,99,ACCEPTED,EXACT,SPECIES,london31May2023
1975897,Lepidoptera,Geometridae,Biston,Biston betularia,Biston betularia,99,ACCEPTED,EXACT,SPECIES,london31May2023
1975903,Lepidoptera,Geometridae,Biston,Biston strataria,Biston strataria,99,ACCEPTED,EXACT,SPECIES,london31May2023
1973414,Lepidoptera,Geometridae,Bupalus,Bupalus piniaria,Bupalus piniaria,99,ACCEPTED,EXACT,SPECIES,london31May2023
5143675,Lepidoptera,Geometridae,Cabera,Cabera exanthemata,Cabera exanthemata,99,ACCEPTED,EXACT,SPECIES,london31May2023
5143697,Lepidoptera,Geometridae,Cabera,Cabera pusaria,Cabera pusaria,99,ACCEPTED,EXACT,SPECIES,london31May2023
1978776,Lepidoptera,Geometridae,Campaea,Campaea margaritaria,Campaea margaritaria,99,ACCEPTED,EXACT,SPECIES,london31May2023
4524376,Lepidoptera,Geometridae,Camptogramma,Camptogramma bilineata,Camptogramma bilineata,99,ACCEPTED,EXACT,SPECIES,london31May2023
1978977,Lepidoptera,Geometridae,Carsia,Carsia sororiata,Carsia sororiata,98,ACCEPTED,EXACT,SPECIES,london31May2023
1964195,Lepidoptera,Geometridae,Catarhoe,Catarhoe cuculata,Catarhoe cuculata,99,ACCEPTED,EXACT,SPECIES,london31May2023
1964191,Lepidoptera,Geometridae,Catarhoe,Catarhoe rubidata,Catarhoe rubidata,99,ACCEPTED,EXACT,SPECIES,london31May2023
1967245,Lepidoptera,Geometridae,Cepphis,Cepphis advenaria,Cepphis advenaria,99,ACCEPTED,EXACT,SPECIES,london31May2023
4524951,Lepidoptera,Geometridae,Charissa,Charissa obscurata,Charissa obscurata,99,ACCEPTED,EXACT,SPECIES,london31May2023
1962990,Lepidoptera,Geometridae,Chesias,Chesias legatella,Chesias legatella,99,ACCEPTED,EXACT,SPECIES,london31May2023
1962972,Lepidoptera,Geometridae,Chesias,Chesias rufata,Chesias rufata,99,ACCEPTED,EXACT,SPECIES,london31May2023
9220953,Lepidoptera,Geometridae,Chiasmia,Chiasmia aestimaria,Chiasmia aestimaria,99,ACCEPTED,EXACT,SPECIES,london31May2023
4525078,Lepidoptera,Geometridae,Chiasmia,Chiasmia clathrata,Chiasmia clathrata,98,ACCEPTED,EXACT,SPECIES,london31May2023
1961037,Lepidoptera,Geometridae,Chlorissa,Chlorissa cloraria,Chlorissa cloraria,99,ACCEPTED,EXACT,SPECIES,london31May2023
1961040,Lepidoptera,Geometridae,Chlorissa,Chlorissa viridata,Chlorissa viridata,99,ACCEPTED,EXACT,SPECIES,london31May2023
5806132,Lepidoptera,Geometridae,Chlorochlamys,Chlorochlamys chloroleucaria,Chlorochlamys chloroleucaria,99,ACCEPTED,EXACT,SPECIES,london31May2023
1963463,Lepidoptera,Geometridae,Chloroclysta,Chloroclysta miata,Chloroclysta miata,99,ACCEPTED,EXACT,SPECIES,london31May2023
1963446,Lepidoptera,Geometridae,Chloroclysta,Chloroclysta siterata,Chloroclysta siterata,99,ACCEPTED,EXACT,SPECIES,london31May2023
1989428,Lepidoptera,Geometridae,Chloroclystis,Chloroclystis v-ata,Chloroclystis v-ata,99,ACCEPTED,EXACT,SPECIES,london31May2023
5768880,Lepidoptera,Geometridae,Cidaria,Cidaria fulvata,Cidaria fulvata,98,ACCEPTED,EXACT,SPECIES,london31May2023
5769028,Lepidoptera,Geometridae,Cleora,Cleora cinctaria,Cleora cinctaria,99,ACCEPTED,EXACT,SPECIES,london31May2023
1985522,Lepidoptera,Geometridae,Cleorodes,Cleorodes lichenaria,Cleorodes lichenaria,99,ACCEPTED,EXACT,SPECIES,london31May2023
1988504,Lepidoptera,Geometridae,Coenocalpe,Coenocalpe lapidata,Coenocalpe lapidata,99,ACCEPTED,EXACT,SPECIES,london31May2023
9414984,Lepidoptera,Geometridae,Nebula,Coenotephria salicata,Nebula salicata,98,SYNONYM,EXACT,SPECIES,london31May2023
1988602,Lepidoptera,Geometridae,Colostygia,Colostygia multistrigaria,Colostygia multistrigaria,99,ACCEPTED,EXACT,SPECIES,london31May2023
1988684,Lepidoptera,Geometridae,Colostygia,Colostygia olivata,Colostygia olivata,99,ACCEPTED,EXACT,SPECIES,london31May2023
1988593,Lepidoptera,Geometridae,Colostygia,Colostygia pectinataria,Colostygia pectinataria,99,ACCEPTED,EXACT,SPECIES,london31May2023
1968867,Lepidoptera,Geometridae,Colotois,Colotois pennaria,Colotois pennaria,99,ACCEPTED,EXACT,SPECIES,london31May2023
4523522,Lepidoptera,Geometridae,Comibaena,Comibaena bajularia,Comibaena bajularia,99,ACCEPTED,EXACT,SPECIES,london31May2023
1970213,Lepidoptera,Geometridae,Cosmorhoe,Cosmorhoe ocellata,Cosmorhoe ocellata,99,ACCEPTED,EXACT,SPECIES,london31May2023
4524223,Lepidoptera,Geometridae,Costaconvexa,Costaconvexa centrostrigaria,Costaconvexa centrostrigaria,99,ACCEPTED,EXACT,SPECIES,london31May2023
4524221,Lepidoptera,Geometridae,Costaconvexa,Costaconvexa polygrammata,Costaconvexa polygrammata,99,ACCEPTED,EXACT,SPECIES,london31May2023
1990533,Lepidoptera,Geometridae,Crocallis,Crocallis dardoinaria,Crocallis dardoinaria,99,ACCEPTED,EXACT,SPECIES,london31May2023
1990551,Lepidoptera,Geometridae,Crocallis,Crocallis elinguaria,Crocallis elinguaria,98,ACCEPTED,EXACT,SPECIES,london31May2023
5149746,Lepidoptera,Geometridae,Cyclophora,Cyclophora albipunctata,Cyclophora albipunctata,99,ACCEPTED,EXACT,SPECIES,london31May2023
5149768,Lepidoptera,Geometridae,Cyclophora,Cyclophora annularia,Cyclophora annularia,99,ACCEPTED,EXACT,SPECIES,london31May2023
7443518,Lepidoptera,Geometridae,Cyclophora,Cyclophora linearia,Cyclophora linearia,98,ACCEPTED,EXACT,SPECIES,london31May2023
5149704,Lepidoptera,Geometridae,Cyclophora,Cyclophora pendularia,Cyclophora pendularia,98,ACCEPTED,EXACT,SPECIES,london31May2023
5149659,Lepidoptera,Geometridae,Cyclophora,Cyclophora porata,Cyclophora porata,99,ACCEPTED,EXACT,SPECIES,london31May2023
5149665,Lepidoptera,Geometridae,Cyclophora,Cyclophora punctaria,Cyclophora punctaria,99,ACCEPTED,EXACT,SPECIES,london31May2023
5149787,Lepidoptera,Geometridae,Cyclophora,Cyclophora puppillaria,Cyclophora puppillaria,99,ACCEPTED,EXACT,SPECIES,london31May2023
5149784,Lepidoptera,Geometridae,Cyclophora,Cyclophora ruficiliaria,Cyclophora ruficiliaria,99,ACCEPTED,EXACT,SPECIES,london31May2023
1978821,Lepidoptera,Geometridae,Deileptenia,Deileptenia ribeata,Deileptenia ribeata,99,ACCEPTED,EXACT,SPECIES,london31May2023
1959467,Lepidoptera,Geometridae,Dyscia,Dyscia fagaria,Dyscia fagaria,99,ACCEPTED,EXACT,SPECIES,london31May2023
1962516,Lepidoptera,Geometridae,Dysstroma,Dysstroma citrata,Dysstroma citrata,99,ACCEPTED,EXACT,SPECIES,london31May2023
1962434,Lepidoptera,Geometridae,Dysstroma,Dysstroma truncata,Dysstroma truncata,98,ACCEPTED,EXACT,SPECIES,london31May2023
8160782,Lepidoptera,Geometridae,Anticlea,Earophila badiata,Anticlea badiata,99,SYNONYM,EXACT,SPECIES,london31May2023
1978445,Lepidoptera,Geometridae,Ecliptopera,Ecliptopera silaceata,Ecliptopera silaceata,99,ACCEPTED,EXACT,SPECIES,london31May2023
8421569,Lepidoptera,Geometridae,Ectropis,Ectropis crepuscularia,Ectropis crepuscularia,98,ACCEPTED,EXACT,SPECIES,london31May2023
1976163,Lepidoptera,Geometridae,Electrophaes,Electrophaes corylata,Electrophaes corylata,99,ACCEPTED,EXACT,SPECIES,london31May2023
1956440,Lepidoptera,Geometridae,Ematurga,Ematurga atomaria,Ematurga atomaria,99,ACCEPTED,EXACT,SPECIES,london31May2023
1957845,Lepidoptera,Geometridae,Ennomos,Ennomos alniaria,Ennomos alniaria,98,ACCEPTED,EXACT,SPECIES,london31May2023
1957854,Lepidoptera,Geometridae,Ennomos,Ennomos autumnaria,Ennomos autumnaria,98,ACCEPTED,EXACT,SPECIES,london31May2023
4524426,Lepidoptera,Geometridae,Ennomos,Ennomos erosaria,Ennomos erosaria,99,ACCEPTED,EXACT,SPECIES,london31May2023
4524421,Lepidoptera,Geometridae,Ennomos,Ennomos fuscantaria,Ennomos fuscantaria,99,ACCEPTED,EXACT,SPECIES,london31May2023
4524424,Lepidoptera,Geometridae,Ennomos,Ennomos quercaria,Ennomos quercaria,99,ACCEPTED,EXACT,SPECIES,london31May2023
1957852,Lepidoptera,Geometridae,Ennomos,Ennomos quercinaria,Ennomos quercinaria,98,ACCEPTED,EXACT,SPECIES,london31May2023
1957870,Lepidoptera,Geometridae,Ennomos,Ennomos subsignaria,Ennomos subsignaria,99,ACCEPTED,EXACT,SPECIES,london31May2023
5149499,Lepidoptera,Geometridae,Entephria,Entephria caesiata,Entephria caesiata,99,ACCEPTED,EXACT,SPECIES,london31May2023
7769543,Lepidoptera,Geometridae,Entephria,Entephria flavicinctata,Entephria flavicinctata,99,ACCEPTED,EXACT,SPECIES,london31May2023
1975546,Lepidoptera,Geometridae,Epione,Epione repandaria,Epione repandaria,99,ACCEPTED,EXACT,SPECIES,london31May2023
1975553,Lepidoptera,Geometridae,Epione,Epione vespertaria,Epione vespertaria,98,ACCEPTED,EXACT,SPECIES,london31May2023
8361848,Lepidoptera,Geometridae,Epirrhoe,Epirrhoe alternata,Epirrhoe alternata,99,ACCEPTED,EXACT,SPECIES,london31May2023
1964637,Lepidoptera,Geometridae,Epirrhoe,Epirrhoe galiata,Epirrhoe galiata,99,ACCEPTED,EXACT,SPECIES,london31May2023
1964657,Lepidoptera,Geometridae,Epirrhoe,Epirrhoe rivata,Epirrhoe rivata,99,ACCEPTED,EXACT,SPECIES,london31May2023
1964653,Lepidoptera,Geometridae,Epirrhoe,Epirrhoe tristata,Epirrhoe tristata,99,ACCEPTED,EXACT,SPECIES,london31May2023
4523560,Lepidoptera,Geometridae,Epirrita,Epirrita autumnata,Epirrita autumnata,99,ACCEPTED,EXACT,SPECIES,london31May2023
4523556,Lepidoptera,Geometridae,Epirrita,Epirrita christyi,Epirrita christyi,99,ACCEPTED,EXACT,SPECIES,london31May2023
4523564,Lepidoptera,Geometridae,Epirrita,Epirrita dilutata,Epirrita dilutata,99,ACCEPTED,EXACT,SPECIES,london31May2023
4523558,Lepidoptera,Geometridae,Epirrita,Epirrita filigrammaria,Epirrita filigrammaria,99,ACCEPTED,EXACT,SPECIES,london31May2023
1956599,Lepidoptera,Geometridae,Erannis,Erannis defoliaria,Erannis defoliaria,99,ACCEPTED,EXACT,SPECIES,london31May2023
1988881,Lepidoptera,Geometridae,Euchoeca,Euchoeca nebulata,Euchoeca nebulata,99,ACCEPTED,EXACT,SPECIES,london31May2023
1965777,Lepidoptera,Geometridae,Eulithis,Eulithis mellinata,Eulithis mellinata,99,ACCEPTED,EXACT,SPECIES,london31May2023
1965795,Lepidoptera,Geometridae,Eulithis,Eulithis populata,Eulithis populata,98,ACCEPTED,EXACT,SPECIES,london31May2023
1965825,Lepidoptera,Geometridae,Eulithis,Eulithis prunata,Eulithis prunata,99,ACCEPTED,EXACT,SPECIES,london31May2023
1965763,Lepidoptera,Geometridae,Eulithis,Eulithis testata,Eulithis testata,98,ACCEPTED,EXACT,SPECIES,london31May2023
1965208,Lepidoptera,Geometridae,Euphyia,Euphyia biangulata,Euphyia biangulata,99,ACCEPTED,EXACT,SPECIES,london31May2023
1965166,Lepidoptera,Geometridae,Euphyia,Euphyia unangulata,Euphyia unangulata,99,ACCEPTED,EXACT,SPECIES,london31May2023
1984117,Lepidoptera,Geometridae,Eupithecia,Eupithecia abbreviata,Eupithecia abbreviata,99,ACCEPTED,EXACT,SPECIES,london31May2023
1983997,Lepidoptera,Geometridae,Eupithecia,Eupithecia abietaria,Eupithecia abietaria,99,ACCEPTED,EXACT,SPECIES,london31May2023
1983896,Lepidoptera,Geometridae,Eupithecia,Eupithecia absinthiata,Eupithecia absinthiata,98,ACCEPTED,EXACT,SPECIES,london31May2023
1982746,Lepidoptera,Geometridae,Eupithecia,Eupithecia assimilata,Eupithecia assimilata,99,ACCEPTED,EXACT,SPECIES,london31May2023
1984033,Lepidoptera,Geometridae,Eupithecia,Eupithecia breviculata,Eupithecia breviculata,99,ACCEPTED,EXACT,SPECIES,london31May2023
1983616,Lepidoptera,Geometridae,Eupithecia,Eupithecia cauchiata,Eupithecia cauchiata,99,ACCEPTED,EXACT,SPECIES,london31May2023
1983525,Lepidoptera,Geometridae,Eupithecia,Eupithecia centaureata,Eupithecia centaureata,99,ACCEPTED,EXACT,SPECIES,london31May2023
1983694,Lepidoptera,Geometridae,Eupithecia,Eupithecia denotata,Eupithecia denotata,98,ACCEPTED,EXACT,SPECIES,london31May2023
1983535,Lepidoptera,Geometridae,Eupithecia,Eupithecia distinctaria,Eupithecia distinctaria,99,ACCEPTED,EXACT,SPECIES,london31May2023
1983442,Lepidoptera,Geometridae,Eupithecia,Eupithecia dodoneata,Eupithecia dodoneata,98,ACCEPTED,EXACT,SPECIES,london31May2023
1983111,Lepidoptera,Geometridae,Eupithecia,Eupithecia egenaria,Eupithecia egenaria,98,ACCEPTED,EXACT,SPECIES,london31May2023
8262357,Lepidoptera,Geometridae,Eupithecia,Eupithecia exiguata,Eupithecia exiguata,99,ACCEPTED,EXACT,SPECIES,london31May2023
1982526,Lepidoptera,Geometridae,Eupithecia,Eupithecia expallidata,Eupithecia expallidata,99,ACCEPTED,EXACT,SPECIES,london31May2023
1982489,Lepidoptera,Geometridae,Eupithecia,Eupithecia extensaria,Eupithecia extensaria,99,ACCEPTED,EXACT,SPECIES,london31May2023
1982838,Lepidoptera,Geometridae,Eupithecia,Eupithecia haworthiata,Eupithecia haworthiata,99,ACCEPTED,EXACT,SPECIES,london31May2023
1982500,Lepidoptera,Geometridae,Eupithecia,Eupithecia icterata,Eupithecia icterata,99,ACCEPTED,EXACT,SPECIES,london31May2023
1983755,Lepidoptera,Geometridae,Eupithecia,Eupithecia indigata,Eupithecia indigata,99,ACCEPTED,EXACT,SPECIES,london31May2023
1983548,Lepidoptera,Geometridae,Eupithecia,Eupithecia innotata,Eupithecia innotata,98,ACCEPTED,EXACT,SPECIES,london31May2023
1983387,Lepidoptera,Geometridae,Eupithecia,Eupithecia insigniata,Eupithecia insigniata,99,ACCEPTED,EXACT,SPECIES,london31May2023
1983288,Lepidoptera,Geometridae,Eupithecia,Eupithecia intricata,Eupithecia intricata,99,ACCEPTED,EXACT,SPECIES,london31May2023
1983170,Lepidoptera,Geometridae,Eupithecia,Eupithecia inturbata,Eupithecia inturbata,99,ACCEPTED,EXACT,SPECIES,london31May2023
8394261,Lepidoptera,Geometridae,Eupithecia,Eupithecia irriguata,Eupithecia irriguata,99,ACCEPTED,EXACT,SPECIES,london31May2023
1982406,Lepidoptera,Geometridae,Eupithecia,Eupithecia lariciata,Eupithecia lariciata,98,ACCEPTED,EXACT,SPECIES,london31May2023
1983648,Lepidoptera,Geometridae,Eupithecia,Eupithecia linariata,Eupithecia linariata,99,ACCEPTED,EXACT,SPECIES,london31May2023
1983088,Lepidoptera,Geometridae,Eupithecia,Eupithecia massiliata,Eupithecia massiliata,99,ACCEPTED,EXACT,SPECIES,london31May2023
1982770,Lepidoptera,Geometridae,Eupithecia,Eupithecia millefoliata,Eupithecia millefoliata,98,ACCEPTED,EXACT,SPECIES,london31May2023
8015895,Lepidoptera,Geometridae,Eupithecia,Eupithecia nanata,Eupithecia nanata,98,ACCEPTED,EXACT,SPECIES,london31May2023
1983888,Lepidoptera,Geometridae,Eupithecia,Eupithecia phoeniceata,Eupithecia phoeniceata,99,ACCEPTED,EXACT,SPECIES,london31May2023
1982592,Lepidoptera,Geometridae,Eupithecia,Eupithecia pimpinellata,Eupithecia pimpinellata,98,ACCEPTED,EXACT,SPECIES,london31May2023
1983558,Lepidoptera,Geometridae,Eupithecia,Eupithecia plumbeolata,Eupithecia plumbeolata,98,ACCEPTED,EXACT,SPECIES,london31May2023
1983000,Lepidoptera,Geometridae,Eupithecia,Eupithecia pulchellata,Eupithecia pulchellata,99,ACCEPTED,EXACT,SPECIES,london31May2023
1982541,Lepidoptera,Geometridae,Eupithecia,Eupithecia pusillata,Eupithecia pusillata,98,ACCEPTED,EXACT,SPECIES,london31May2023
8026858,Lepidoptera,Geometridae,Eupithecia,Eupithecia pygmaeata,Eupithecia pygmaeata,99,ACCEPTED,EXACT,SPECIES,london31May2023
1983441,Lepidoptera,Geometridae,Eupithecia,Eupithecia satyrata,Eupithecia satyrata,98,ACCEPTED,EXACT,SPECIES,london31May2023
1983999,Lepidoptera,Geometridae,Eupithecia,Eupithecia simpliciata,Eupithecia simpliciata,99,ACCEPTED,EXACT,SPECIES,london31May2023
1983922,Lepidoptera,Geometridae,Eupithecia,Eupithecia sinuosaria,Eupithecia sinuosaria,99,ACCEPTED,EXACT,SPECIES,london31May2023
1983260,Lepidoptera,Geometridae,Eupithecia,Eupithecia subfuscata,Eupithecia subfuscata,99,ACCEPTED,EXACT,SPECIES,london31May2023
1982525,Lepidoptera,Geometridae,Eupithecia,Eupithecia subumbrata,Eupithecia subumbrata,98,ACCEPTED,EXACT,SPECIES,london31May2023
1982885,Lepidoptera,Geometridae,Eupithecia,Eupithecia succenturiata,Eupithecia succenturiata,99,ACCEPTED,EXACT,SPECIES,london31May2023
1982636,Lepidoptera,Geometridae,Eupithecia,Eupithecia tantillaria,Eupithecia tantillaria,99,ACCEPTED,EXACT,SPECIES,london31May2023
7752082,Lepidoptera,Geometridae,Eupithecia,Eupithecia tenuiata,Eupithecia tenuiata,99,ACCEPTED,EXACT,SPECIES,london31May2023
1983705,Lepidoptera,Geometridae,Eupithecia,Eupithecia tripunctaria,Eupithecia tripunctaria,99,ACCEPTED,EXACT,SPECIES,london31May2023
1983645,Lepidoptera,Geometridae,Eupithecia,Eupithecia trisignaria,Eupithecia trisignaria,99,ACCEPTED,EXACT,SPECIES,london31May2023
1983528,Lepidoptera,Geometridae,Eupithecia,Eupithecia ultimaria,Eupithecia ultimaria,98,ACCEPTED,EXACT,SPECIES,london31May2023
7993353,Lepidoptera,Geometridae,Eupithecia,Eupithecia valerianata,Eupithecia valerianata,99,ACCEPTED,EXACT,SPECIES,london31May2023
1983052,Lepidoptera,Geometridae,Eupithecia,Eupithecia venosata,Eupithecia venosata,98,ACCEPTED,EXACT,SPECIES,london31May2023
1982671,Lepidoptera,Geometridae,Eupithecia,Eupithecia virgaureata,Eupithecia virgaureata,99,ACCEPTED,EXACT,SPECIES,london31May2023
1982542,Lepidoptera,Geometridae,Eupithecia,Eupithecia vulgata,Eupithecia vulgata,98,ACCEPTED,EXACT,SPECIES,london31May2023
5149315,Lepidoptera,Geometridae,Eustroma,Eustroma reticulata,Eustroma reticulata,99,ACCEPTED,EXACT,SPECIES,london31May2023
1965640,Lepidoptera,Geometridae,Fagivorina,Fagivorina arenaria,Fagivorina arenaria,99,ACCEPTED,EXACT,SPECIES,london31May2023
5145870,Lepidoptera,Geometridae,Perizoma,Gagitodes sagittata,Perizoma sagittata,99,SYNONYM,EXACT,SPECIES,london31May2023
1965841,Lepidoptera,Geometridae,Eulithis,Gandaritis pyraliata,Eulithis pyraliata,99,SYNONYM,EXACT,SPECIES,london31May2023
5144534,Lepidoptera,Geometridae,Geometra,Geometra papilionaria,Geometra papilionaria,99,ACCEPTED,EXACT,SPECIES,london31May2023
1969291,Lepidoptera,Geometridae,Gnophos,Gnophos obfuscata,Gnophos obfuscata,99,ACCEPTED,EXACT,SPECIES,london31May2023
1992066,Lepidoptera,Geometridae,Gymnoscelis,Gymnoscelis rufifasciata,Gymnoscelis rufifasciata,99,ACCEPTED,EXACT,SPECIES,london31May2023
1991179,Lepidoptera,Geometridae,Hemistola,Hemistola chrysoprasaria,Hemistola chrysoprasaria,99,ACCEPTED,EXACT,SPECIES,london31May2023
1991371,Lepidoptera,Geometridae,Hemithea,Hemithea aestivaria,Hemithea aestivaria,99,ACCEPTED,EXACT,SPECIES,london31May2023
9099424,Lepidoptera,Geometridae,Horisme,Horisme aquata,Horisme aquata,99,ACCEPTED,EXACT,SPECIES,london31May2023
1971986,Lepidoptera,Geometridae,Horisme,Horisme radicaria,Horisme radicaria,99,ACCEPTED,EXACT,SPECIES,london31May2023
1971888,Lepidoptera,Geometridae,Horisme,Horisme tersata,Horisme tersata,99,ACCEPTED,EXACT,SPECIES,london31May2023
1971858,Lepidoptera,Geometridae,Horisme,Horisme vitalbata,Horisme vitalbata,98,ACCEPTED,EXACT,SPECIES,london31May2023
5146379,Lepidoptera,Geometridae,Hydrelia,Hydrelia flammeolaria,Hydrelia flammeolaria,99,ACCEPTED,EXACT,SPECIES,london31May2023
5146342,Lepidoptera,Geometridae,Hydrelia,Hydrelia sylvata,Hydrelia sylvata,99,ACCEPTED,EXACT,SPECIES,london31May2023
1979473,Lepidoptera,Geometridae,Hydriomena,Hydriomena furcata,Hydriomena furcata,99,ACCEPTED,EXACT,SPECIES,london31May2023
1979308,Lepidoptera,Geometridae,Hydriomena,Hydriomena impluviata,Hydriomena impluviata,99,ACCEPTED,EXACT,SPECIES,london31May2023
1979430,Lepidoptera,Geometridae,Hydriomena,Hydriomena ruberata,Hydriomena ruberata,98,ACCEPTED,EXACT,SPECIES,london31May2023
5143651,Lepidoptera,Geometridae,Hylaea,Hylaea fasciaria,Hylaea fasciaria,99,ACCEPTED,EXACT,SPECIES,london31May2023
1963892,Lepidoptera,Geometridae,Hypagyrtis,Hypagyrtis unipunctata,Hypagyrtis unipunctata,99,ACCEPTED,EXACT,SPECIES,london31May2023
4524638,Lepidoptera,Geometridae,Hypomecis,Hypomecis punctinalis,Hypomecis punctinalis,99,ACCEPTED,EXACT,SPECIES,london31May2023
4524636,Lepidoptera,Geometridae,Hypomecis,Hypomecis roboraria,Hypomecis roboraria,99,ACCEPTED,EXACT,SPECIES,london31May2023
5146559,Lepidoptera,Geometridae,Idaea,Idaea aversata,Idaea aversata,99,ACCEPTED,EXACT,SPECIES,london31May2023
5146961,Lepidoptera,Geometridae,Idaea,Idaea biselata,Idaea biselata,99,ACCEPTED,EXACT,SPECIES,london31May2023
7988195,Lepidoptera,Geometridae,Idaea,Idaea contiguaria,Idaea contiguaria,99,ACCEPTED,EXACT,SPECIES,london31May2023
5147441,Lepidoptera,Geometridae,Idaea,Idaea degeneraria,Idaea degeneraria,99,ACCEPTED,EXACT,SPECIES,london31May2023
5146862,Lepidoptera,Geometridae,Idaea,Idaea dilutaria,Idaea dilutaria,98,ACCEPTED,EXACT,SPECIES,london31May2023
5146677,Lepidoptera,Geometridae,Idaea,Idaea dimidiata,Idaea dimidiata,98,ACCEPTED,EXACT,SPECIES,london31May2023
5147245,Lepidoptera,Geometridae,Idaea,Idaea emarginata,Idaea emarginata,99,ACCEPTED,EXACT,SPECIES,london31May2023
5147193,Lepidoptera,Geometridae,Idaea,Idaea fuscovenosa,Idaea fuscovenosa,99,ACCEPTED,EXACT,SPECIES,london31May2023
5146611,Lepidoptera,Geometridae,Idaea,Idaea humiliata,Idaea humiliata,99,ACCEPTED,EXACT,SPECIES,london31May2023
5147150,Lepidoptera,Geometridae,Idaea,Idaea inquinata,Idaea inquinata,99,ACCEPTED,EXACT,SPECIES,london31May2023
5146510,Lepidoptera,Geometridae,Idaea,Idaea laevigata,Idaea laevigata,99,ACCEPTED,EXACT,SPECIES,london31May2023
5147062,Lepidoptera,Geometridae,Idaea,Idaea muricata,Idaea muricata,99,ACCEPTED,EXACT,SPECIES,london31May2023
5147354,Lepidoptera,Geometridae,Idaea,Idaea ochrata,Idaea ochrata,99,ACCEPTED,EXACT,SPECIES,london31May2023
5147478,Lepidoptera,Geometridae,Idaea,Idaea rusticata,Idaea rusticata,99,ACCEPTED,EXACT,SPECIES,london31May2023
5147039,Lepidoptera,Geometridae,Idaea,Idaea seriata,Idaea seriata,99,ACCEPTED,EXACT,SPECIES,london31May2023
5146659,Lepidoptera,Geometridae,Idaea,Idaea serpentata,Idaea serpentata,99,ACCEPTED,EXACT,SPECIES,london31May2023
5147208,Lepidoptera,Geometridae,Idaea,Idaea straminata,Idaea straminata,99,ACCEPTED,EXACT,SPECIES,london31May2023
5146837,Lepidoptera,Geometridae,Idaea,Idaea subsericeata,Idaea subsericeata,99,ACCEPTED,EXACT,SPECIES,london31May2023
5146496,Lepidoptera,Geometridae,Idaea,Idaea sylvestraria,Idaea sylvestraria,99,ACCEPTED,EXACT,SPECIES,london31May2023
5147232,Lepidoptera,Geometridae,Idaea,Idaea trigeminata,Idaea trigeminata,99,ACCEPTED,EXACT,SPECIES,london31May2023
1987578,Lepidoptera,Geometridae,Isturgia,Isturgia limbaria,Isturgia limbaria,99,ACCEPTED,EXACT,SPECIES,london31May2023
1978065,Lepidoptera,Geometridae,Jodis,Jodis lactearia,Jodis lactearia,99,ACCEPTED,EXACT,SPECIES,london31May2023
4524070,Lepidoptera,Geometridae,Lampropteryx,Lampropteryx otregiata,Lampropteryx otregiata,99,ACCEPTED,EXACT,SPECIES,london31May2023
4524072,Lepidoptera,Geometridae,Lampropteryx,Lampropteryx suffumata,Lampropteryx suffumata,99,ACCEPTED,EXACT,SPECIES,london31May2023
1957266,Lepidoptera,Geometridae,Larentia,Larentia clavaria,Larentia clavaria,99,ACCEPTED,EXACT,SPECIES,london31May2023
1962636,Lepidoptera,Geometridae,Ligdia,Ligdia adustata,Ligdia adustata,98,ACCEPTED,EXACT,SPECIES,london31May2023
1964471,Lepidoptera,Geometridae,Lithostege,Lithostege griseata,Lithostege griseata,99,ACCEPTED,EXACT,SPECIES,london31May2023
5144426,Lepidoptera,Geometridae,Lobophora,Lobophora halterata,Lobophora halterata,99,ACCEPTED,EXACT,SPECIES,london31May2023
5149438,Lepidoptera,Geometridae,Lomaspilis,Lomaspilis marginata,Lomaspilis marginata,99,ACCEPTED,EXACT,SPECIES,london31May2023
1986052,Lepidoptera,Geometridae,Lomographa,Lomographa bimaculata,Lomographa bimaculata,99,ACCEPTED,EXACT,SPECIES,london31May2023
1986056,Lepidoptera,Geometridae,Lomographa,Lomographa temerata,Lomographa temerata,99,ACCEPTED,EXACT,SPECIES,london31May2023
5147681,Lepidoptera,Geometridae,Lycia,Lycia hirtaria,Lycia hirtaria,99,ACCEPTED,EXACT,SPECIES,london31May2023
8035782,Lepidoptera,Geometridae,Lycia,Lycia lapponaria,Lycia lapponaria,99,ACCEPTED,EXACT,SPECIES,london31May2023
6097233,Lepidoptera,Geometridae,Lycia,Lycia zonaria,Lycia zonaria,99,ACCEPTED,EXACT,SPECIES,london31May2023
1959682,Lepidoptera,Geometridae,Lythria,Lythria purpuraria,Lythria purpuraria,98,ACCEPTED,EXACT,SPECIES,london31May2023
5880545,Lepidoptera,Geometridae,Macaria,Macaria alternata,Macaria alternata,98,ACCEPTED,EXACT,SPECIES,london31May2023
9400977,Lepidoptera,Geometridae,Macaria,Macaria bicolorata,Macaria bicolorata,99,ACCEPTED,EXACT,SPECIES,london31May2023
5880559,Lepidoptera,Geometridae,Macaria,Macaria brunneata,Macaria brunneata,99,ACCEPTED,EXACT,SPECIES,london31May2023
8237343,Lepidoptera,Geometridae,Macaria,Macaria carbonaria,Macaria carbonaria,99,ACCEPTED,EXACT,SPECIES,london31May2023
5880533,Lepidoptera,Geometridae,Macaria,Macaria liturata,Macaria liturata,99,ACCEPTED,EXACT,SPECIES,london31May2023
-1,Lepidoptera,Geometridae,Macaria,Macaria notata,NotAvail,98,ACCEPTED,HIGHERRANK,GENUS,london31May2023
5880563,Lepidoptera,Geometridae,Macaria,Macaria signaria,Macaria signaria,99,ACCEPTED,EXACT,SPECIES,london31May2023
5880552,Lepidoptera,Geometridae,Macaria,Macaria wauaria,Macaria wauaria,99,ACCEPTED,EXACT,SPECIES,london31May2023
5145965,Lepidoptera,Geometridae,Perizoma,Martania taeniata,Perizoma taeniata,99,SYNONYM,EXACT,SPECIES,london31May2023
1956524,Lepidoptera,Geometridae,Melanthia,Melanthia procellata,Melanthia procellata,99,ACCEPTED,EXACT,SPECIES,london31May2023
1988064,Lepidoptera,Geometridae,Menophra,Menophra abruptaria,Menophra abruptaria,99,ACCEPTED,EXACT,SPECIES,london31May2023
1988019,Lepidoptera,Geometridae,Menophra,Menophra japygiaria,Menophra japygiaria,99,ACCEPTED,EXACT,SPECIES,london31May2023
5144190,Lepidoptera,Geometridae,Mesoleuca,Mesoleuca albicillata,Mesoleuca albicillata,99,ACCEPTED,EXACT,SPECIES,london31May2023
7960566,Lepidoptera,Geometridae,Perizoma,Mesotype didymata,Perizoma didymata,99,SYNONYM,EXACT,SPECIES,london31May2023
1963168,Lepidoptera,Geometridae,Microloxia,Microloxia herbaria,Microloxia herbaria,99,ACCEPTED,EXACT,SPECIES,london31May2023
1981696,Lepidoptera,Geometridae,Minoa,Minoa murinata,Minoa murinata,99,ACCEPTED,EXACT,SPECIES,london31May2023
1991012,Lepidoptera,Geometridae,Nematocampa,Nematocampa limbata,Nematocampa resistaria,99,SYNONYM,EXACT,SPECIES,london31May2023
4302252,Lepidoptera,Geometridae,Orthonama,Nycterosea obstipata,Orthonama obstipata,99,SYNONYM,EXACT,SPECIES,london31May2023
1984734,Lepidoptera,Geometridae,Odezia,Odezia atrata,Odezia atrata,99,ACCEPTED,EXACT,SPECIES,london31May2023
1958065,Lepidoptera,Geometridae,Odontognophos,Odontognophos dumetata,Odontognophos dumetata,99,ACCEPTED,EXACT,SPECIES,london31May2023
1990066,Lepidoptera,Geometridae,Odontopera,Odontopera bidentata,Odontopera bidentata,99,ACCEPTED,EXACT,SPECIES,london31May2023
1972449,Lepidoptera,Geometridae,Operophtera,Operophtera brumata,Operophtera brumata,99,ACCEPTED,EXACT,SPECIES,london31May2023
1972434,Lepidoptera,Geometridae,Operophtera,Operophtera fagata,Operophtera fagata,99,ACCEPTED,EXACT,SPECIES,london31May2023
1960617,Lepidoptera,Geometridae,Opisthograptis,Opisthograptis luteolata,Opisthograptis luteolata,98,ACCEPTED,EXACT,SPECIES,london31May2023
1963011,Lepidoptera,Geometridae,Orthonama,Orthonama vittata,Orthonama vittata,99,ACCEPTED,EXACT,SPECIES,london31May2023
1958323,Lepidoptera,Geometridae,Ourapteryx,Ourapteryx sambucaria,Ourapteryx sambucaria,99,ACCEPTED,EXACT,SPECIES,london31May2023
1966351,Lepidoptera,Geometridae,Pachycnemia,Pachycnemia hippocastanaria,Pachycnemia hippocastanaria,99,ACCEPTED,EXACT,SPECIES,london31May2023
1967597,Lepidoptera,Geometridae,Paradarisa,Paradarisa consonaria,Paradarisa consonaria,99,ACCEPTED,EXACT,SPECIES,london31May2023
1958024,Lepidoptera,Geometridae,Parectropis,Parectropis similaria,Parectropis similaria,98,ACCEPTED,EXACT,SPECIES,london31May2023
1975341,Lepidoptera,Geometridae,Pareulype,Pareulype berberata,Pareulype berberata,99,ACCEPTED,EXACT,SPECIES,london31May2023
4523883,Lepidoptera,Geometridae,Pasiphila,Pasiphila chloerata,Pasiphila chloerata,99,ACCEPTED,EXACT,SPECIES,london31May2023
4523880,Lepidoptera,Geometridae,Pasiphila,Pasiphila debiliata,Pasiphila debiliata,99,ACCEPTED,EXACT,SPECIES,london31May2023
4523885,Lepidoptera,Geometridae,Pasiphila,Pasiphila rectangulata,Pasiphila rectangulata,99,ACCEPTED,EXACT,SPECIES,london31May2023
5148286,Lepidoptera,Geometridae,Pelurga,Pelurga comitata,Pelurga comitata,99,ACCEPTED,EXACT,SPECIES,london31May2023
4524054,Lepidoptera,Geometridae,Pennithera,Pennithera firmata,Pennithera firmata,99,ACCEPTED,EXACT,SPECIES,london31May2023
1970284,Lepidoptera,Geometridae,Perconia,Perconia strigillaria,Perconia strigillaria,99,ACCEPTED,EXACT,SPECIES,london31May2023
1957565,Lepidoptera,Geometridae,Peribatodes,Peribatodes ilicaria,Peribatodes ilicaria,99,ACCEPTED,EXACT,SPECIES,london31May2023
1957572,Lepidoptera,Geometridae,Peribatodes,Peribatodes rhomboidaria,Peribatodes rhomboidaria,99,ACCEPTED,EXACT,SPECIES,london31May2023
1957570,Lepidoptera,Geometridae,Peribatodes,Peribatodes secundaria,Peribatodes secundaria,98,ACCEPTED,EXACT,SPECIES,london31May2023
1957611,Lepidoptera,Geometridae,Peribatodes,Peribatodes umbraria,Peribatodes umbraria,99,ACCEPTED,EXACT,SPECIES,london31May2023
1972120,Lepidoptera,Geometridae,Perizoma,Perizoma affinitata,Perizoma affinitata,99,ACCEPTED,EXACT,SPECIES,london31May2023
1972185,Lepidoptera,Geometridae,Perizoma,Perizoma albulata,Perizoma albulata,99,ACCEPTED,EXACT,SPECIES,london31May2023
1972250,Lepidoptera,Geometridae,Perizoma,Perizoma alchemillata,Perizoma alchemillata,99,ACCEPTED,EXACT,SPECIES,london31May2023
1972342,Lepidoptera,Geometridae,Perizoma,Perizoma bifaciata,Perizoma bifaciata,99,ACCEPTED,EXACT,SPECIES,london31May2023
1972187,Lepidoptera,Geometridae,Perizoma,Perizoma blandiata,Perizoma blandiata,99,ACCEPTED,EXACT,SPECIES,london31May2023
1972234,Lepidoptera,Geometridae,Perizoma,Perizoma flavofasciata,Perizoma flavofasciata,99,ACCEPTED,EXACT,SPECIES,london31May2023
1972278,Lepidoptera,Geometridae,Perizoma,Perizoma minorata,Perizoma minorata,99,ACCEPTED,EXACT,SPECIES,london31May2023
4523519,Lepidoptera,Geometridae,Phaiogramma,Phaiogramma faustinata,Phaiogramma faustinata,99,ACCEPTED,EXACT,SPECIES,london31May2023
4524393,Lepidoptera,Geometridae,Phibalapteryx,Phibalapteryx virgata,Phibalapteryx virgata,99,ACCEPTED,EXACT,SPECIES,london31May2023
4524740,Lepidoptera,Geometridae,Phigalia,Phigalia pilosaria,Phigalia pilosaria,99,ACCEPTED,EXACT,SPECIES,london31May2023
1959395,Lepidoptera,Geometridae,Philereme,Philereme transversata,Philereme transversata,99,ACCEPTED,EXACT,SPECIES,london31May2023
1959383,Lepidoptera,Geometridae,Philereme,Philereme vetulata,Philereme vetulata,99,ACCEPTED,EXACT,SPECIES,london31May2023
1959914,Lepidoptera,Geometridae,Plagodis,Plagodis dolabraria,Plagodis dolabraria,99,ACCEPTED,EXACT,SPECIES,london31May2023
1959919,Lepidoptera,Geometridae,Plagodis,Plagodis pulveraria,Plagodis pulveraria,99,ACCEPTED,EXACT,SPECIES,london31May2023
5146412,Lepidoptera,Geometridae,Plemyria,Plemyria rubiginata,Plemyria rubiginata,99,ACCEPTED,EXACT,SPECIES,london31May2023
6133619,Lepidoptera,Geometridae,Plesiomorpha,Plesiomorpha flaviceps,Plesiomorpha flaviceps,99,ACCEPTED,EXACT,SPECIES,london31May2023
1968942,Lepidoptera,Geometridae,Pleuroprucha,Pleuroprucha insulsaria,Pleuroprucha insulsaria,98,ACCEPTED,EXACT,SPECIES,london31May2023
1964158,Lepidoptera,Geometridae,Pseudocoremia,Pseudocoremia suavis,Pseudocoremia suavis,99,ACCEPTED,EXACT,SPECIES,london31May2023
1954563,Lepidoptera,Geometridae,Pseudopanthera,Pseudopanthera macularia,Pseudopanthera macularia,99,ACCEPTED,EXACT,SPECIES,london31May2023
9137631,Lepidoptera,Geometridae,Pseudoterpna,Pseudoterpna coronillaria,Pseudoterpna coronillaria,98,ACCEPTED,EXACT,SPECIES,london31May2023
1987527,Lepidoptera,Geometridae,Pseudoterpna,Pseudoterpna pruinata,Pseudoterpna pruinata,98,ACCEPTED,EXACT,SPECIES,london31May2023
4524822,Lepidoptera,Geometridae,Glacies,Psodos coracina,Glacies coracina,99,SYNONYM,EXACT,SPECIES,london31May2023
1978114,Lepidoptera,Geometridae,Pterapherapteryx,Pterapherapteryx sexalata,Pterapherapteryx sexalata,99,ACCEPTED,EXACT,SPECIES,london31May2023
1966886,Lepidoptera,Geometridae,Pungeleria,Pungeleria capreolaria,Pungeleria capreolaria,99,ACCEPTED,EXACT,SPECIES,london31May2023
1976993,Lepidoptera,Geometridae,Rheumaptera,Rheumaptera cervinalis,Rheumaptera cervinalis,99,ACCEPTED,EXACT,SPECIES,london31May2023
1977068,Lepidoptera,Geometridae,Rheumaptera,Rheumaptera hastata,Rheumaptera hastata,99,ACCEPTED,EXACT,SPECIES,london31May2023
1977003,Lepidoptera,Geometridae,Rheumaptera,Rheumaptera undulata,Rheumaptera undulata,98,ACCEPTED,EXACT,SPECIES,london31May2023
1955694,Lepidoptera,Geometridae,Rhodometra,Rhodometra sacraria,Rhodometra sacraria,99,ACCEPTED,EXACT,SPECIES,london31May2023
5144782,Lepidoptera,Geometridae,Scopula,Scopula decorata,Scopula decorata,99,ACCEPTED,EXACT,SPECIES,london31May2023
7753668,Lepidoptera,Geometridae,Scopula,Scopula emutaria,Scopula emutaria,99,ACCEPTED,EXACT,SPECIES,london31May2023
5145409,Lepidoptera,Geometridae,Scopula,Scopula floslactata,Scopula floslactata,99,ACCEPTED,EXACT,SPECIES,london31May2023
8014296,Lepidoptera,Geometridae,Scopula,Scopula imitaria,Scopula imitaria,99,ACCEPTED,EXACT,SPECIES,london31May2023
5145260,Lepidoptera,Geometridae,Scopula,Scopula immorata,Scopula immorata,99,ACCEPTED,EXACT,SPECIES,london31May2023
5145009,Lepidoptera,Geometridae,Scopula,Scopula immutata,Scopula immutata,99,ACCEPTED,EXACT,SPECIES,london31May2023
5145521,Lepidoptera,Geometridae,Scopula,Scopula limboundata,Scopula limboundata,99,ACCEPTED,EXACT,SPECIES,london31May2023
5144900,Lepidoptera,Geometridae,Scopula,Scopula marginepunctata,Scopula marginepunctata,99,ACCEPTED,EXACT,SPECIES,london31May2023
5144677,Lepidoptera,Geometridae,Scopula,Scopula nigropunctata,Scopula nigropunctata,98,ACCEPTED,EXACT,SPECIES,london31May2023
5144805,Lepidoptera,Geometridae,Scopula,Scopula ornata,Scopula ornata,99,ACCEPTED,EXACT,SPECIES,london31May2023
5145186,Lepidoptera,Geometridae,Scopula,Scopula rubiginata,Scopula rubiginata,99,ACCEPTED,EXACT,SPECIES,london31May2023
5145136,Lepidoptera,Geometridae,Scopula,Scopula ternata,Scopula ternata,99,ACCEPTED,EXACT,SPECIES,london31May2023
5145269,Lepidoptera,Geometridae,Scopula,Scopula virgulata,Scopula virgulata,99,ACCEPTED,EXACT,SPECIES,london31May2023
1957718,Lepidoptera,Geometridae,Scotopteryx,Scotopteryx bipunctaria,Scotopteryx bipunctaria,99,ACCEPTED,EXACT,SPECIES,london31May2023
1957816,Lepidoptera,Geometridae,Scotopteryx,Scotopteryx chenopodiata,Scotopteryx chenopodiata,99,ACCEPTED,EXACT,SPECIES,london31May2023
1957746,Lepidoptera,Geometridae,Scotopteryx,Scotopteryx luridata,Scotopteryx luridata,98,ACCEPTED,EXACT,SPECIES,london31May2023
1957706,Lepidoptera,Geometridae,Scotopteryx,Scotopteryx moeniata,Scotopteryx moeniata,99,ACCEPTED,EXACT,SPECIES,london31May2023
1957632,Lepidoptera,Geometridae,Scotopteryx,Scotopteryx mucronata,Scotopteryx mucronata,99,ACCEPTED,EXACT,SPECIES,london31May2023
8172949,Lepidoptera,Geometridae,Scotopteryx,Scotopteryx peribolata,Scotopteryx peribolata,99,ACCEPTED,EXACT,SPECIES,london31May2023
1962204,Lepidoptera,Geometridae,Selenia,Selenia dentaria,Selenia dentaria,99,ACCEPTED,EXACT,SPECIES,london31May2023
1962268,Lepidoptera,Geometridae,Selenia,Selenia lunularia,Selenia lunularia,99,ACCEPTED,EXACT,SPECIES,london31May2023
1962265,Lepidoptera,Geometridae,Selenia,Selenia tetralunaria,Selenia tetralunaria,99,ACCEPTED,EXACT,SPECIES,london31May2023
1970227,Lepidoptera,Geometridae,Selidosema,Selidosema brunnearia,Selidosema brunnearia,99,ACCEPTED,EXACT,SPECIES,london31May2023
5144543,Lepidoptera,Geometridae,Siona,Siona lineata,Siona lineata,99,ACCEPTED,EXACT,SPECIES,london31May2023
4302268,Lepidoptera,Geometridae,Spargania,Spargania luctuata,Spargania luctuata,99,ACCEPTED,EXACT,SPECIES,london31May2023
5149836,Lepidoptera,Geometridae,Stegania,Stegania cararia,Stegania cararia,98,ACCEPTED,EXACT,SPECIES,london31May2023
5149839,Lepidoptera,Geometridae,Stegania,Stegania trimaculata,Stegania trimaculata,99,ACCEPTED,EXACT,SPECIES,london31May2023
1962584,Lepidoptera,Geometridae,Tephronia,Tephronia sepiaria,Tephronia sepiaria,98,ACCEPTED,EXACT,SPECIES,london31May2023
1963306,Lepidoptera,Geometridae,Thalera,Thalera fimbrialis,Thalera fimbrialis,99,ACCEPTED,EXACT,SPECIES,london31May2023
5148424,Lepidoptera,Geometridae,Thera,Thera britannica,Thera britannica,99,ACCEPTED,EXACT,SPECIES,london31May2023
5148486,Lepidoptera,Geometridae,Thera,Thera cognata,Thera cognata,99,ACCEPTED,EXACT,SPECIES,london31May2023
5148475,Lepidoptera,Geometridae,Thera,Thera cupressata,Thera cupressata,99,ACCEPTED,EXACT,SPECIES,london31May2023
5148462,Lepidoptera,Geometridae,Thera,Thera juniperata,Thera juniperata,99,ACCEPTED,EXACT,SPECIES,london31May2023
5148487,Lepidoptera,Geometridae,Thera,Thera obeliscata,Thera obeliscata,99,ACCEPTED,EXACT,SPECIES,london31May2023
5148394,Lepidoptera,Geometridae,Thera,Thera vetustata,Thera vetustata,99,ACCEPTED,EXACT,SPECIES,london31May2023
5148248,Lepidoptera,Geometridae,Theria,Theria primaria,Theria primaria,99,ACCEPTED,EXACT,SPECIES,london31May2023
1957300,Lepidoptera,Geometridae,Thetidia,Thetidia smaragdaria,Thetidia smaragdaria,99,ACCEPTED,EXACT,SPECIES,london31May2023
1966017,Lepidoptera,Geometridae,Timandra,Timandra comae,Timandra comae,99,ACCEPTED,EXACT,SPECIES,london31May2023
5147608,Lepidoptera,Geometridae,Trichopteryx,Trichopteryx carpinata,Trichopteryx carpinata,99,ACCEPTED,EXACT,SPECIES,london31May2023
5147638,Lepidoptera,Geometridae,Trichopteryx,Trichopteryx polycommata,Trichopteryx polycommata,99,ACCEPTED,EXACT,SPECIES,london31May2023
1969954,Lepidoptera,Geometridae,Triphosa,Triphosa dubitata,Triphosa dubitata,98,ACCEPTED,EXACT,SPECIES,london31May2023
5147834,Lepidoptera,Geometridae,Venusia,Venusia blomeri,Venusia blomeri,99,ACCEPTED,EXACT,SPECIES,london31May2023
5147827,Lepidoptera,Geometridae,Venusia,Venusia cambrica,Venusia cambrica,99,ACCEPTED,EXACT,SPECIES,london31May2023
1986452,Lepidoptera,Geometridae,Xanthorhoe,Xanthorhoe biriviata,Xanthorhoe biriviata,99,ACCEPTED,EXACT,SPECIES,london31May2023
1986367,Lepidoptera,Geometridae,Xanthorhoe,Xanthorhoe decoloraria,Xanthorhoe decoloraria,98,ACCEPTED,EXACT,SPECIES,london31May2023
1986575,Lepidoptera,Geometridae,Xanthorhoe,Xanthorhoe designata,Xanthorhoe designata,99,ACCEPTED,EXACT,SPECIES,london31May2023
-1,Lepidoptera,Geometridae,Xanthorhoe,Xanthorhoe ferrugata,NotAvail,98,ACCEPTED,HIGHERRANK,GENUS,london31May2023
1986157,Lepidoptera,Geometridae,Xanthorhoe,Xanthorhoe fluctuata,Xanthorhoe fluctuata,98,ACCEPTED,EXACT,SPECIES,london31May2023
1986220,Lepidoptera,Geometridae,Xanthorhoe,Xanthorhoe montanata,Xanthorhoe montanata,99,ACCEPTED,EXACT,SPECIES,london31May2023
1986522,Lepidoptera,Geometridae,Xanthorhoe,Xanthorhoe quadrifasiata,Xanthorhoe quadrifasiata,99,ACCEPTED,EXACT,SPECIES,london31May2023
1986166,Lepidoptera,Geometridae,Xanthorhoe,Xanthorhoe spadicearia,Xanthorhoe spadicearia,99,ACCEPTED,EXACT,SPECIES,london31May2023
