accepted_taxon_key,order_name,family_name,genus_name,search_species_name,gbif_species_name,confidence,status,match_type,rank,source
4532253,Lepidoptera,Noctuidae,Eublemma,Eublemma minutata,Eublemma minutata,99,ACCEPTED,EXACT,SPECIES,london31May2023
4532203,Lepidoptera,Noctuidae,Eublemma,Eublemma ostrina,Eublemma ostrina,99,ACCEPTED,EXACT,SPECIES,london31May2023
4532206,Lepidoptera,Noctuidae,Eublemma,Eublemma parva,Eublemma parva,98,ACCEPTED,EXACT,SPECIES,london31May2023
4532253,Lepidoptera,Noctuidae,Eublemma,Eublemma paula,Eublemma minutata,99,SYNONYM,EXACT,SPECIES,london31May2023
4532239,Lepidoptera,Noctuidae,Eublemma,Eublemma purpurina,Eublemma purpurina,99,ACCEPTED,EXACT,SPECIES,london31May2023
1765751,Lepidoptera,Noctuidae,Tathorhynchus,Tathorhynchus exsiccata,Tathorhynchus exsiccata,99,ACCEPTED,EXACT,SPECIES,london31May2023
1767625,Lepidoptera,Noctuidae,Abrostola,Abrostola tripartita,Abrostola tripartita,99,ACCEPTED,EXACT,SPECIES,london31May2023
1767597,Lepidoptera,Noctuidae,Abrostola,Abrostola triplasia,Abrostola triplasia,99,ACCEPTED,EXACT,SPECIES,london31May2023
5109299,Lepidoptera,Noctuidae,Acontia,Acontia aprica,Acontia aprica,99,ACCEPTED,EXACT,SPECIES,london31May2023
1763072,Lepidoptera,Noctuidae,Acontia,Acontia lucida,Acontia lucida,98,ACCEPTED,EXACT,SPECIES,london31May2023
5109455,Lepidoptera,Noctuidae,Acontia,Acontia nitidula,Acontia nitidula,99,ACCEPTED,EXACT,SPECIES,london31May2023
5772063,Lepidoptera,Noctuidae,Acontia,Acontia trabealis,Acontia trabealis,99,ACCEPTED,EXACT,SPECIES,london31May2023
8150836,Lepidoptera,Noctuidae,Acosmetia,Acosmetia caliginosa,Acosmetia caliginosa,99,ACCEPTED,EXACT,SPECIES,london31May2023
1782763,Lepidoptera,Noctuidae,Acronicta,Acronicta aceris,Acronicta aceris,98,ACCEPTED,EXACT,SPECIES,london31May2023
1782726,Lepidoptera,Noctuidae,Acronicta,Acronicta alni,Acronicta alni,99,ACCEPTED,EXACT,SPECIES,london31May2023
1782927,Lepidoptera,Noctuidae,Acronicta,Acronicta auricoma,Acronicta auricoma,99,ACCEPTED,EXACT,SPECIES,london31May2023
1783045,Lepidoptera,Noctuidae,Acronicta,Acronicta cinerea,Acronicta cinerea,99,ACCEPTED,EXACT,SPECIES,london31May2023
7825213,Lepidoptera,Noctuidae,Acronicta,Acronicta cuspis,Acronicta cuspis,99,ACCEPTED,EXACT,SPECIES,london31May2023
1783043,Lepidoptera,Noctuidae,Acronicta,Acronicta leporina,Acronicta leporina,99,ACCEPTED,EXACT,SPECIES,london31May2023
1783037,Lepidoptera,Noctuidae,Acronicta,Acronicta menyanthidis,Acronicta menyanthidis,98,ACCEPTED,EXACT,SPECIES,london31May2023
1782948,Lepidoptera,Noctuidae,Acronicta,Acronicta psi,Acronicta psi,98,ACCEPTED,EXACT,SPECIES,london31May2023
1782672,Lepidoptera,Noctuidae,Acronicta,Acronicta rumicis,Acronicta rumicis,98,ACCEPTED,EXACT,SPECIES,london31May2023
1782841,Lepidoptera,Noctuidae,Acronicta,Acronicta strigosa,Acronicta strigosa,99,ACCEPTED,EXACT,SPECIES,london31May2023
1783016,Lepidoptera,Noctuidae,Acronicta,Acronicta tridens,Acronicta tridens,98,ACCEPTED,EXACT,SPECIES,london31May2023
1787506,Lepidoptera,Noctuidae,Actebia,Actebia fennica,Actebia fennica,99,ACCEPTED,EXACT,SPECIES,london31May2023
1787504,Lepidoptera,Noctuidae,Actebia,Actebia praecox,Actebia praecox,99,ACCEPTED,EXACT,SPECIES,london31May2023
1792292,Lepidoptera,Noctuidae,Actinotia,Actinotia polyodon,Actinotia polyodon,99,ACCEPTED,EXACT,SPECIES,london31May2023
5113847,Lepidoptera,Noctuidae,Aedia,Aedia funesta,Aedia funesta,99,ACCEPTED,EXACT,SPECIES,london31May2023
5113853,Lepidoptera,Noctuidae,Aedia,Aedia leucomelas,Aedia leucomelas,98,ACCEPTED,EXACT,SPECIES,london31May2023
4533115,Lepidoptera,Noctuidae,Agrochola,Agrochola lychnidis,Agrochola lychnidis,99,ACCEPTED,EXACT,SPECIES,london31May2023
4533714,Lepidoptera,Noctuidae,Agrotis,Agrotis bigramma,Agrotis bigramma,99,ACCEPTED,EXACT,SPECIES,london31May2023
4533720,Lepidoptera,Noctuidae,Agrotis,Agrotis catalaunensis,Agrotis catalaunensis,99,ACCEPTED,EXACT,SPECIES,london31May2023
1770869,Lepidoptera,Noctuidae,Agrotis,Agrotis cinerea,Agrotis cinerea,99,ACCEPTED,EXACT,SPECIES,london31May2023
7940536,Lepidoptera,Noctuidae,Agrotis,Agrotis clavis,Agrotis clavis,98,ACCEPTED,EXACT,SPECIES,london31May2023
1770920,Lepidoptera,Noctuidae,Agrotis,Agrotis deprivata,Agrotis deprivata,99,ACCEPTED,EXACT,SPECIES,london31May2023
1771214,Lepidoptera,Noctuidae,Agrotis,Agrotis exclamationis,Agrotis exclamationis,99,ACCEPTED,EXACT,SPECIES,london31May2023
1770776,Lepidoptera,Noctuidae,Agrotis,Agrotis graslini,Agrotis graslini,99,ACCEPTED,EXACT,SPECIES,london31May2023
1771163,Lepidoptera,Noctuidae,Agrotis,Agrotis herzogi,Agrotis herzogi,99,ACCEPTED,EXACT,SPECIES,london31May2023
1771245,Lepidoptera,Noctuidae,Agrotis,Agrotis ipsilon,Agrotis ipsilon,99,ACCEPTED,EXACT,SPECIES,london31May2023
1770772,Lepidoptera,Noctuidae,Agrotis,Agrotis puta,Agrotis puta,98,ACCEPTED,EXACT,SPECIES,london31May2023
1771204,Lepidoptera,Noctuidae,Agrotis,Agrotis ripae,Agrotis ripae,99,ACCEPTED,EXACT,SPECIES,london31May2023
1771040,Lepidoptera,Noctuidae,Agrotis,Agrotis segetum,Agrotis segetum,99,ACCEPTED,EXACT,SPECIES,london31May2023
-1,Lepidoptera,Noctuidae,Agrotis,Agrotis spinifera,NotAvail,98,ACCEPTED,HIGHERRANK,GENUS,london31May2023
4533720,Lepidoptera,Noctuidae,Agrotis,Agrotis syricola,Agrotis catalaunensis,98,SYNONYM,EXACT,SPECIES,london31May2023
1770821,Lepidoptera,Noctuidae,Agrotis,Agrotis trux,Agrotis trux,99,ACCEPTED,EXACT,SPECIES,london31May2023
1770880,Lepidoptera,Noctuidae,Agrotis,Agrotis vestigialis,Agrotis vestigialis,99,ACCEPTED,EXACT,SPECIES,london31May2023
4534719,Lepidoptera,Noctuidae,Allophyes,Allophyes oxyacanthae,Allophyes oxyacanthae,99,ACCEPTED,EXACT,SPECIES,london31May2023
1771391,Lepidoptera,Noctuidae,Amphipoea,Amphipoea crinanensis,Amphipoea crinanensis,99,ACCEPTED,EXACT,SPECIES,london31May2023
7725644,Lepidoptera,Noctuidae,Amphipoea,Amphipoea fucosa,Amphipoea fucosa,99,ACCEPTED,EXACT,SPECIES,london31May2023
1771429,Lepidoptera,Noctuidae,Amphipoea,Amphipoea lucens,Amphipoea lucens,99,ACCEPTED,EXACT,SPECIES,london31May2023
1771385,Lepidoptera,Noctuidae,Amphipoea,Amphipoea oculea,Amphipoea oculea,99,ACCEPTED,EXACT,SPECIES,london31May2023
1766128,Lepidoptera,Noctuidae,Amphipyra,Amphipyra berbera,Amphipyra berbera,98,ACCEPTED,EXACT,SPECIES,london31May2023
4534691,Lepidoptera,Noctuidae,Amphipyra,Amphipyra effusa,Amphipyra effusa,98,ACCEPTED,EXACT,SPECIES,london31May2023
1766137,Lepidoptera,Noctuidae,Amphipyra,Amphipyra pyramidea,Amphipyra pyramidea,98,ACCEPTED,EXACT,SPECIES,london31May2023
1766210,Lepidoptera,Noctuidae,Amphipyra,Amphipyra tragopoginis,Amphipyra tragopoginis,99,ACCEPTED,EXACT,SPECIES,london31May2023
1766646,Lepidoptera,Noctuidae,Anaplectoides,Anaplectoides prasina,Anaplectoides prasina,99,ACCEPTED,EXACT,SPECIES,london31May2023
1789553,Lepidoptera,Noctuidae,Anarta,Anarta melanopa,Anarta melanopa,99,ACCEPTED,EXACT,SPECIES,london31May2023
1789580,Lepidoptera,Noctuidae,Anarta,Anarta myrtilli,Anarta myrtilli,99,ACCEPTED,EXACT,SPECIES,london31May2023
4534166,Lepidoptera,Noctuidae,Anarta,Anarta trifolii,Anarta trifolii,99,ACCEPTED,EXACT,SPECIES,london31May2023
10263995,Lepidoptera,Noctuidae,Agrochola,Anchoscelis haematidea,Anchoscelis haematidea,98,DOUBTFUL,EXACT,SPECIES,london31May2023
10113008,Lepidoptera,Noctuidae,Agrochola,Anchoscelis helvola,Anchoscelis helvola,98,DOUBTFUL,EXACT,SPECIES,london31May2023
1789982,Lepidoptera,Noctuidae,Agrochola,Anchoscelis litura,Agrochola litura,99,SYNONYM,EXACT,SPECIES,london31May2023
9510363,Lepidoptera,Noctuidae,Agrochola,Anchoscelis lunosa,Anchoscelis lunosa,98,DOUBTFUL,EXACT,SPECIES,london31May2023
6544687,Lepidoptera,Noctuidae,Anorthoa,Anorthoa munda,Anorthoa munda,99,ACCEPTED,EXACT,SPECIES,london31May2023
1786902,Lepidoptera,Noctuidae,Antitype,Antitype chi,Antitype chi,99,ACCEPTED,EXACT,SPECIES,london31May2023
8007222,Lepidoptera,Noctuidae,Apamea,Apamea anceps,Apamea anceps,98,ACCEPTED,EXACT,SPECIES,london31May2023
1796169,Lepidoptera,Noctuidae,Apamea,Apamea crenata,Apamea crenata,99,ACCEPTED,EXACT,SPECIES,london31May2023
1796139,Lepidoptera,Noctuidae,Apamea,Apamea epomidion,Apamea epomidion,99,ACCEPTED,EXACT,SPECIES,london31May2023
1795848,Lepidoptera,Noctuidae,Apamea,Apamea exulis,Apamea exulis,99,ACCEPTED,EXACT,SPECIES,london31May2023
1795930,Lepidoptera,Noctuidae,Apamea,Apamea furva,Apamea furva,99,ACCEPTED,EXACT,SPECIES,london31May2023
8007222,Lepidoptera,Noctuidae,Apamea,Apamea infesta,Apamea anceps,99,SYNONYM,EXACT,SPECIES,london31May2023
1795854,Lepidoptera,Noctuidae,Apamea,Apamea lateritia,Apamea lateritia,99,ACCEPTED,EXACT,SPECIES,london31May2023
4534486,Lepidoptera,Noctuidae,Apamea,Apamea lithoxylaea,Apamea lithoxylaea,99,ACCEPTED,EXACT,SPECIES,london31May2023
1796145,Lepidoptera,Noctuidae,Apamea,Apamea monoglypha,Apamea monoglypha,99,ACCEPTED,EXACT,SPECIES,london31May2023
1796183,Lepidoptera,Noctuidae,Apamea,Apamea oblonga,Apamea oblonga,99,ACCEPTED,EXACT,SPECIES,london31May2023
7438067,Lepidoptera,Noctuidae,Apamea,Apamea remissa,Apamea remissa,99,ACCEPTED,EXACT,SPECIES,london31May2023
11478679,Lepidoptera,Noctuidae,Loscopia,Apamea scolopacina,Loscopia scolopacina,99,SYNONYM,EXACT,SPECIES,london31May2023
1796117,Lepidoptera,Noctuidae,Apamea,Apamea sordens,Apamea sordens,99,ACCEPTED,EXACT,SPECIES,london31May2023
1795946,Lepidoptera,Noctuidae,Apamea,Apamea sublustris,Apamea sublustris,98,ACCEPTED,EXACT,SPECIES,london31May2023
1796188,Lepidoptera,Noctuidae,Apamea,Apamea unanimis,Apamea unanimis,99,ACCEPTED,EXACT,SPECIES,london31May2023
1760857,Lepidoptera,Noctuidae,Aporophyla,Aporophyla australis,Aporophyla australis,99,ACCEPTED,EXACT,SPECIES,london31May2023
1760887,Lepidoptera,Noctuidae,Aporophyla,Aporophyla lueneburgensis,Aporophyla lueneburgensis,99,ACCEPTED,EXACT,SPECIES,london31May2023
1760893,Lepidoptera,Noctuidae,Aporophyla,Aporophyla lutulenta,Aporophyla lutulenta,99,ACCEPTED,EXACT,SPECIES,london31May2023
1760891,Lepidoptera,Noctuidae,Aporophyla,Aporophyla nigra,Aporophyla nigra,99,ACCEPTED,EXACT,SPECIES,london31May2023
4533202,Lepidoptera,Noctuidae,Apterogenum,Apterogenum ypsillon,Apterogenum ypsillon,99,ACCEPTED,EXACT,SPECIES,london31May2023
1789849,Lepidoptera,Noctuidae,Archanara,Archanara dissoluta,Archanara dissoluta,99,ACCEPTED,EXACT,SPECIES,london31May2023
1789840,Lepidoptera,Noctuidae,Archanara,Archanara neurica,Archanara neurica,99,ACCEPTED,EXACT,SPECIES,london31May2023
7780930,Lepidoptera,Noctuidae,Arenostola,Arenostola phragmitidis,Arenostola phragmitidis,99,ACCEPTED,EXACT,SPECIES,london31May2023
1766274,Lepidoptera,Noctuidae,Asteroscopus,Asteroscopus sphinx,Asteroscopus sphinx,99,ACCEPTED,EXACT,SPECIES,london31May2023
1759153,Lepidoptera,Noctuidae,Atethmia,Atethmia centrago,Atethmia centrago,99,ACCEPTED,EXACT,SPECIES,london31May2023
1787279,Lepidoptera,Noctuidae,Athetis,Athetis hospes,Athetis hospes,99,ACCEPTED,EXACT,SPECIES,london31May2023
1787112,Lepidoptera,Noctuidae,Athetis,Athetis pallustris,Athetis pallustris,99,ACCEPTED,EXACT,SPECIES,london31May2023
1792478,Lepidoptera,Noctuidae,Autographa,Autographa bimaculata,Autographa bimaculata,99,ACCEPTED,EXACT,SPECIES,london31May2023
1792414,Lepidoptera,Noctuidae,Autographa,Autographa bractea,Autographa bractea,98,ACCEPTED,EXACT,SPECIES,london31May2023
1792418,Lepidoptera,Noctuidae,Autographa,Autographa gamma,Autographa gamma,98,ACCEPTED,EXACT,SPECIES,london31May2023
1792426,Lepidoptera,Noctuidae,Autographa,Autographa jota,Autographa jota,99,ACCEPTED,EXACT,SPECIES,london31May2023
1792411,Lepidoptera,Noctuidae,Autographa,Autographa pulchrina,Autographa pulchrina,99,ACCEPTED,EXACT,SPECIES,london31May2023
1761438,Lepidoptera,Noctuidae,Axylia,Axylia putris,Axylia putris,99,ACCEPTED,EXACT,SPECIES,london31May2023
1779435,Lepidoptera,Noctuidae,Brachionycha,Brachionycha nubeculosa,Brachionycha nubeculosa,99,ACCEPTED,EXACT,SPECIES,london31May2023
1779690,Lepidoptera,Noctuidae,Brachylomia,Brachylomia viminalis,Brachylomia viminalis,99,ACCEPTED,EXACT,SPECIES,london31May2023
1789957,Lepidoptera,Noctuidae,Brithys,Brithys crini,Brithys crini,99,ACCEPTED,EXACT,SPECIES,london31May2023
7981386,Lepidoptera,Noctuidae,Bryophila,Bryophila domestica,Bryophila domestica,99,ACCEPTED,EXACT,SPECIES,london31May2023
8742426,Lepidoptera,Noctuidae,Bryophila,Bryophila raptricula,Bryophila raptricula,98,ACCEPTED,EXACT,SPECIES,london31May2023
4532811,Lepidoptera,Noctuidae,Nyctobrya,Bryopsis muralis,Nyctobrya muralis,99,SYNONYM,EXACT,SPECIES,london31May2023
5110200,Lepidoptera,Noctuidae,Calamia,Calamia tridens,Calamia tridens,99,ACCEPTED,EXACT,SPECIES,london31May2023
5108665,Lepidoptera,Noctuidae,Callopistria,Callopistria floridensis,Callopistria floridensis,99,ACCEPTED,EXACT,SPECIES,london31May2023
5108761,Lepidoptera,Noctuidae,Callopistria,Callopistria juventina,Callopistria juventina,99,ACCEPTED,EXACT,SPECIES,london31May2023
5108660,Lepidoptera,Noctuidae,Callopistria,Callopistria latreillei,Callopistria latreillei,99,ACCEPTED,EXACT,SPECIES,london31May2023
1796463,Lepidoptera,Noctuidae,Calophasia,Calophasia lunula,Calophasia lunula,99,ACCEPTED,EXACT,SPECIES,london31May2023
1796451,Lepidoptera,Noctuidae,Calophasia,Calophasia platyptera,Calophasia platyptera,99,ACCEPTED,EXACT,SPECIES,london31May2023
4534245,Lepidoptera,Noctuidae,Caradrina,Caradrina clavipalpis,Caradrina clavipalpis,99,ACCEPTED,EXACT,SPECIES,london31May2023
4534252,Lepidoptera,Noctuidae,Caradrina,Caradrina flavirena,Caradrina flavirena,98,ACCEPTED,EXACT,SPECIES,london31May2023
1765017,Lepidoptera,Noctuidae,Caradrina,Caradrina kadenii,Caradrina kadenii,98,ACCEPTED,EXACT,SPECIES,london31May2023
1765011,Lepidoptera,Noctuidae,Caradrina,Caradrina morpheus,Caradrina morpheus,99,ACCEPTED,EXACT,SPECIES,london31May2023
4534257,Lepidoptera,Noctuidae,Caradrina,Caradrina selini,Caradrina selini,98,ACCEPTED,EXACT,SPECIES,london31May2023
4534463,Lepidoptera,Noctuidae,Celaena,Celaena haworthii,Celaena haworthii,99,ACCEPTED,EXACT,SPECIES,london31May2023
4534207,Lepidoptera,Noctuidae,Ceramica,Ceramica pisi,Ceramica pisi,99,ACCEPTED,EXACT,SPECIES,london31May2023
1763610,Lepidoptera,Noctuidae,Cerapteryx,Cerapteryx graminis,Cerapteryx graminis,99,ACCEPTED,EXACT,SPECIES,london31May2023
5110871,Lepidoptera,Noctuidae,Cerastis,Cerastis leucographa,Cerastis leucographa,99,ACCEPTED,EXACT,SPECIES,london31May2023
5110885,Lepidoptera,Noctuidae,Cerastis,Cerastis rubricosa,Cerastis rubricosa,99,ACCEPTED,EXACT,SPECIES,london31May2023
1800140,Lepidoptera,Noctuidae,Charadra,Charadra deridens,Charadra deridens,99,ACCEPTED,EXACT,SPECIES,london31May2023
1778074,Lepidoptera,Noctuidae,Charanyca,Charanyca trigrammica,Charanyca trigrammica,99,ACCEPTED,EXACT,SPECIES,london31May2023
1778596,Lepidoptera,Noctuidae,Chilodes,Chilodes maritima,Chilodes maritima,99,ACCEPTED,EXACT,SPECIES,london31May2023
5772309,Lepidoptera,Noctuidae,Chloantha,Chloantha hyperici,Chloantha hyperici,99,ACCEPTED,EXACT,SPECIES,london31May2023
1785181,Lepidoptera,Noctuidae,Chrysodeixis,Chrysodeixis acuta,Chrysodeixis acuta,99,ACCEPTED,EXACT,SPECIES,london31May2023
1785185,Lepidoptera,Noctuidae,Chrysodeixis,Chrysodeixis chalcites,Chrysodeixis chalcites,99,ACCEPTED,EXACT,SPECIES,london31May2023
1771634,Lepidoptera,Noctuidae,Xanthia,Cirrhia gilvago,Xanthia gilvago,99,SYNONYM,EXACT,SPECIES,london31May2023
8581601,Lepidoptera,Noctuidae,Xanthia,Cirrhia icteritia,Cirrhia icteritia,98,DOUBTFUL,EXACT,SPECIES,london31May2023
9549172,Lepidoptera,Noctuidae,Xanthia,Cirrhia ocellaris,Cirrhia ocellaris,98,DOUBTFUL,EXACT,SPECIES,london31May2023
1775891,Lepidoptera,Noctuidae,Coenobia,Coenobia rufa,Coenobia rufa,99,ACCEPTED,EXACT,SPECIES,london31May2023
1781694,Lepidoptera,Noctuidae,Coenophila,Coenophila subrosea,Coenophila subrosea,99,ACCEPTED,EXACT,SPECIES,london31May2023
5114198,Lepidoptera,Noctuidae,Colocasia,Colocasia coryli,Colocasia coryli,99,ACCEPTED,EXACT,SPECIES,london31May2023
4534017,Lepidoptera,Noctuidae,Conisania,Conisania andalusica,Conisania andalusica,99,ACCEPTED,EXACT,SPECIES,london31May2023
1768815,Lepidoptera,Noctuidae,Conistra,Conistra erythrocephala,Conistra erythrocephala,99,ACCEPTED,EXACT,SPECIES,london31May2023
1768729,Lepidoptera,Noctuidae,Conistra,Conistra ligula,Conistra ligula,99,ACCEPTED,EXACT,SPECIES,london31May2023
1768771,Lepidoptera,Noctuidae,Conistra,Conistra rubiginea,Conistra rubiginea,99,ACCEPTED,EXACT,SPECIES,london31May2023
1768749,Lepidoptera,Noctuidae,Conistra,Conistra rubiginosa,Conistra rubiginosa,99,ACCEPTED,EXACT,SPECIES,london31May2023
1768702,Lepidoptera,Noctuidae,Conistra,Conistra vaccinii,Conistra vaccinii,98,ACCEPTED,EXACT,SPECIES,london31May2023
9593475,Lepidoptera,Noctuidae,Psaphida,Copipanolis styracis,Psaphida styracis,99,SYNONYM,EXACT,SPECIES,london31May2023
4534038,Lepidoptera,Noctuidae,Coranarta,Coranarta cordigera,Coranarta cordigera,99,ACCEPTED,EXACT,SPECIES,london31May2023
1784349,Lepidoptera,Noctuidae,Cornutiplusia,Cornutiplusia circumflexa,Cornutiplusia circumflexa,99,ACCEPTED,EXACT,SPECIES,london31May2023
1769519,Lepidoptera,Noctuidae,Cosmia,Cosmia affinis,Cosmia affinis,98,ACCEPTED,EXACT,SPECIES,london31May2023
1769543,Lepidoptera,Noctuidae,Cosmia,Cosmia diffinis,Cosmia diffinis,99,ACCEPTED,EXACT,SPECIES,london31May2023
1769505,Lepidoptera,Noctuidae,Cosmia,Cosmia pyralina,Cosmia pyralina,99,ACCEPTED,EXACT,SPECIES,london31May2023
1769566,Lepidoptera,Noctuidae,Cosmia,Cosmia trapezina,Cosmia trapezina,99,ACCEPTED,EXACT,SPECIES,london31May2023
1791422,Lepidoptera,Noctuidae,Craniophora,Craniophora ligustri,Craniophora ligustri,99,ACCEPTED,EXACT,SPECIES,london31May2023
1795215,Lepidoptera,Noctuidae,Cryphia,Cryphia algae,Cryphia algae,98,ACCEPTED,EXACT,SPECIES,london31May2023
4534540,Lepidoptera,Noctuidae,Crypsedra,Crypsedra gemmea,Crypsedra gemmea,99,ACCEPTED,EXACT,SPECIES,london31May2023
1785361,Lepidoptera,Noctuidae,Ctenoplusia,Ctenoplusia accentifera,Ctenoplusia accentifera,99,ACCEPTED,EXACT,SPECIES,london31May2023
1785329,Lepidoptera,Noctuidae,Ctenoplusia,Ctenoplusia limbirena,Ctenoplusia limbirena,99,ACCEPTED,EXACT,SPECIES,london31May2023
5109599,Lepidoptera,Noctuidae,Cucullia,Cucullia absinthii,Cucullia absinthii,99,ACCEPTED,EXACT,SPECIES,london31May2023
5109641,Lepidoptera,Noctuidae,Cucullia,Cucullia argentea,Cucullia argentea,98,ACCEPTED,EXACT,SPECIES,london31May2023
5109595,Lepidoptera,Noctuidae,Cucullia,Cucullia artemisiae,Cucullia artemisiae,98,ACCEPTED,EXACT,SPECIES,london31May2023
5109614,Lepidoptera,Noctuidae,Cucullia,Cucullia asteris,Cucullia asteris,99,ACCEPTED,EXACT,SPECIES,london31May2023
5109646,Lepidoptera,Noctuidae,Cucullia,Cucullia calendulae,Cucullia calendulae,98,ACCEPTED,EXACT,SPECIES,london31May2023
5109498,Lepidoptera,Noctuidae,Cucullia,Cucullia chamomillae,Cucullia chamomillae,99,ACCEPTED,EXACT,SPECIES,london31May2023
5109552,Lepidoptera,Noctuidae,Cucullia,Cucullia gnaphalii,Cucullia gnaphalii,98,ACCEPTED,EXACT,SPECIES,london31May2023
5109722,Lepidoptera,Noctuidae,Cucullia,Cucullia lactucae,Cucullia lactucae,98,ACCEPTED,EXACT,SPECIES,london31May2023
5109480,Lepidoptera,Noctuidae,Cucullia,Cucullia lychnitis,Cucullia lychnitis,99,ACCEPTED,EXACT,SPECIES,london31May2023
5883985,Lepidoptera,Noctuidae,Shargacucullia,Cucullia scrophulariae,Shargacucullia scrophulariae,99,SYNONYM,EXACT,SPECIES,london31May2023
5109523,Lepidoptera,Noctuidae,Cucullia,Cucullia umbratica,Cucullia umbratica,98,ACCEPTED,EXACT,SPECIES,london31May2023
5109661,Lepidoptera,Noctuidae,Cucullia,Cucullia verbasci,Cucullia verbasci,99,ACCEPTED,EXACT,SPECIES,london31May2023
1769057,Lepidoptera,Noctuidae,Dasypolia,Dasypolia templi,Dasypolia templi,99,ACCEPTED,EXACT,SPECIES,london31May2023
1785286,Lepidoptera,Noctuidae,Deltote,Deltote bankiana,Deltote bankiana,99,ACCEPTED,EXACT,SPECIES,london31May2023
4532888,Lepidoptera,Noctuidae,Deltote,Deltote deceptoria,Deltote deceptoria,99,ACCEPTED,EXACT,SPECIES,london31May2023
4532886,Lepidoptera,Noctuidae,Deltote,Deltote uncula,Deltote uncula,99,ACCEPTED,EXACT,SPECIES,london31May2023
4534408,Lepidoptera,Noctuidae,Denticucullus,Denticucullus pygmina,Denticucullus pygmina,99,ACCEPTED,EXACT,SPECIES,london31May2023
1785888,Lepidoptera,Noctuidae,Diachrysia,Diachrysia chrysitis,Diachrysia chrysitis,99,ACCEPTED,EXACT,SPECIES,london31May2023
1785887,Lepidoptera,Noctuidae,Diachrysia,Diachrysia chryson,Diachrysia chryson,99,ACCEPTED,EXACT,SPECIES,london31May2023
1785895,Lepidoptera,Noctuidae,Diachrysia,Diachrysia stenochrysis,Diachrysia stenochrysis,99,ACCEPTED,EXACT,SPECIES,london31May2023
4533431,Lepidoptera,Noctuidae,Diarsia,Diarsia brunnea,Diarsia brunnea,99,ACCEPTED,EXACT,SPECIES,london31May2023
4533444,Lepidoptera,Noctuidae,Diarsia,Diarsia dahlii,Diarsia dahlii,99,ACCEPTED,EXACT,SPECIES,london31May2023
4533442,Lepidoptera,Noctuidae,Diarsia,Diarsia florida,Diarsia florida,99,ACCEPTED,EXACT,SPECIES,london31May2023
4533433,Lepidoptera,Noctuidae,Diarsia,Diarsia mendica,Diarsia mendica,99,ACCEPTED,EXACT,SPECIES,london31May2023
4533446,Lepidoptera,Noctuidae,Diarsia,Diarsia rubi,Diarsia rubi,99,ACCEPTED,EXACT,SPECIES,london31May2023
8021109,Lepidoptera,Noctuidae,Basistriga,Dichagyris flammatra,Basistriga flammatra,99,SYNONYM,EXACT,SPECIES,london31May2023
1765954,Lepidoptera,Noctuidae,Dicycla,Dicycla oo,Dicycla oo,99,ACCEPTED,EXACT,SPECIES,london31May2023
1777253,Lepidoptera,Noctuidae,Diloba,Diloba caeruleocephala,Diloba caeruleocephala,99,ACCEPTED,EXACT,SPECIES,london31May2023
1792768,Lepidoptera,Noctuidae,Dryobota,Dryobota labecula,Dryobota labecula,99,ACCEPTED,EXACT,SPECIES,london31May2023
1789267,Lepidoptera,Noctuidae,Dryobotodes,Dryobotodes eremita,Dryobotodes eremita,99,ACCEPTED,EXACT,SPECIES,london31May2023
9805848,Lepidoptera,Noctuidae,Dryobotodes,Dryobotodes roboris,Dryobotodes roboris,98,ACCEPTED,EXACT,SPECIES,london31May2023
1789255,Lepidoptera,Noctuidae,Dryobotodes,Dryobotodes tenebrosa,Dryobotodes tenebrosa,99,ACCEPTED,EXACT,SPECIES,london31May2023
1776862,Lepidoptera,Noctuidae,Dypterygia,Dypterygia scabriuscula,Dypterygia scabriuscula,99,ACCEPTED,EXACT,SPECIES,london31May2023
1792061,Lepidoptera,Noctuidae,Egira,Egira conspicillaris,Egira conspicillaris,99,ACCEPTED,EXACT,SPECIES,london31May2023
1780390,Lepidoptera,Noctuidae,Elaphria,Elaphria agrotina,Elaphria agrotina,99,ACCEPTED,EXACT,SPECIES,london31May2023
1780378,Lepidoptera,Noctuidae,Elaphria,Elaphria venustula,Elaphria venustula,99,ACCEPTED,EXACT,SPECIES,london31May2023
1770150,Lepidoptera,Noctuidae,Enargia,Enargia paleacea,Enargia paleacea,99,ACCEPTED,EXACT,SPECIES,london31May2023
5110670,Lepidoptera,Noctuidae,Eremobia,Eremobia ochroleuca,Eremobia ochroleuca,99,ACCEPTED,EXACT,SPECIES,london31May2023
1794361,Lepidoptera,Noctuidae,Lasionycta,Eriopygodes imbecilla,Eriopygodes imbecillus,95,DOUBTFUL,FUZZY,SPECIES,london31May2023
8393221,Lepidoptera,Noctuidae,Eucarta,Eucarta amethystina,Eucarta amethystina,99,ACCEPTED,EXACT,SPECIES,london31May2023
4532696,Lepidoptera,Noctuidae,Eucarta,Eucarta virgo,Eucarta virgo,99,ACCEPTED,EXACT,SPECIES,london31May2023
1770530,Lepidoptera,Noctuidae,Euchalcia,Euchalcia variabilis,Euchalcia variabilis,98,ACCEPTED,EXACT,SPECIES,london31May2023
11145613,Lepidoptera,Noctuidae,Eudryas,Eudryas staejohannis,Eudryas staejohannis,99,ACCEPTED,EXACT,SPECIES,london31May2023
4533661,Lepidoptera,Noctuidae,Eugnorisma,Eugnorisma depuncta,Eugnorisma depuncta,99,ACCEPTED,EXACT,SPECIES,london31May2023
4533671,Lepidoptera,Noctuidae,Eugnorisma,Eugnorisma glareosa,Eugnorisma glareosa,99,ACCEPTED,EXACT,SPECIES,london31May2023
1776619,Lepidoptera,Noctuidae,Euplexia,Euplexia lucipara,Euplexia lucipara,99,ACCEPTED,EXACT,SPECIES,london31May2023
1758878,Lepidoptera,Noctuidae,Eupsilia,Eupsilia transversa,Eupsilia transversa,99,ACCEPTED,EXACT,SPECIES,london31May2023
1769958,Lepidoptera,Noctuidae,Eurois,Eurois occulta,Eurois occulta,99,ACCEPTED,EXACT,SPECIES,london31May2023
1773309,Lepidoptera,Noctuidae,Euxoa,Euxoa cursoria,Euxoa cursoria,99,ACCEPTED,EXACT,SPECIES,london31May2023
1773163,Lepidoptera,Noctuidae,Euxoa,Euxoa nigricans,Euxoa nigricans,98,ACCEPTED,EXACT,SPECIES,london31May2023
1772956,Lepidoptera,Noctuidae,Euxoa,Euxoa obelisca,Euxoa obelisca,98,ACCEPTED,EXACT,SPECIES,london31May2023
1772940,Lepidoptera,Noctuidae,Euxoa,Euxoa tritici,Euxoa tritici,98,ACCEPTED,EXACT,SPECIES,london31May2023
4534542,Lepidoptera,Noctuidae,Fabula,Fabula zollikoferi,Fabula zollikoferi,99,ACCEPTED,EXACT,SPECIES,london31May2023
1785733,Lepidoptera,Noctuidae,Feltia,Feltia subgothica,Feltia subgothica,98,ACCEPTED,EXACT,SPECIES,london31May2023
7400814,Lepidoptera,Noctuidae,Feltia,Feltia subterranea,Feltia subterranea,99,ACCEPTED,EXACT,SPECIES,london31May2023
1787438,Lepidoptera,Noctuidae,Galgula,Galgula partita,Galgula partita,99,ACCEPTED,EXACT,SPECIES,london31May2023
9135821,Lepidoptera,Noctuidae,Globia,Globia algae,Globia algae,99,ACCEPTED,EXACT,SPECIES,london31May2023
8890502,Lepidoptera,Noctuidae,Globia,Globia sparganii,Globia sparganii,99,ACCEPTED,EXACT,SPECIES,london31May2023
1768308,Lepidoptera,Noctuidae,Gortyna,Gortyna borelii,Gortyna borelii,99,ACCEPTED,EXACT,SPECIES,london31May2023
1768341,Lepidoptera,Noctuidae,Gortyna,Gortyna flavago,Gortyna flavago,99,ACCEPTED,EXACT,SPECIES,london31May2023
1769645,Lepidoptera,Noctuidae,Graphania,Graphania dives,Graphania dives,99,ACCEPTED,EXACT,SPECIES,london31May2023
1791784,Lepidoptera,Noctuidae,Graphiphora,Graphiphora augur,Graphiphora augur,99,ACCEPTED,EXACT,SPECIES,london31May2023
4533273,Lepidoptera,Noctuidae,Griposia,Griposia aprilina,Griposia aprilina,99,ACCEPTED,EXACT,SPECIES,london31May2023
1761041,Lepidoptera,Noctuidae,Hada,Hada plebeja,Hada plebeja,99,ACCEPTED,EXACT,SPECIES,london31May2023
1787751,Lepidoptera,Noctuidae,Hadena,Hadena albimacula,Hadena albimacula,98,ACCEPTED,EXACT,SPECIES,london31May2023
1787859,Lepidoptera,Noctuidae,Hadena,Hadena bicruris,Hadena bicruris,99,ACCEPTED,EXACT,SPECIES,london31May2023
1787697,Lepidoptera,Noctuidae,Hadena,Hadena caesia,Hadena caesia,99,ACCEPTED,EXACT,SPECIES,london31May2023
1787590,Lepidoptera,Noctuidae,Hadena,Hadena compta,Hadena compta,98,ACCEPTED,EXACT,SPECIES,london31May2023
1787770,Lepidoptera,Noctuidae,Hadena,Hadena confusa,Hadena confusa,99,ACCEPTED,EXACT,SPECIES,london31May2023
1787631,Lepidoptera,Noctuidae,Hadena,Hadena irregularis,Hadena irregularis,99,ACCEPTED,EXACT,SPECIES,london31May2023
1787610,Lepidoptera,Noctuidae,Hadena,Hadena perplexa,Hadena perplexa,99,ACCEPTED,EXACT,SPECIES,london31May2023
1789086,Lepidoptera,Noctuidae,Hecatera,Hecatera bicolorata,Hecatera bicolorata,99,ACCEPTED,EXACT,SPECIES,london31May2023
1789076,Lepidoptera,Noctuidae,Hecatera,Hecatera dysodea,Hecatera dysodea,99,ACCEPTED,EXACT,SPECIES,london31May2023
8108800,Lepidoptera,Noctuidae,Helicoverpa,Helicoverpa armigera,Helicoverpa armigera,99,ACCEPTED,EXACT,SPECIES,london31May2023
4534676,Lepidoptera,Noctuidae,Heliothis,Heliothis maritima,Heliothis maritima,99,ACCEPTED,EXACT,SPECIES,london31May2023
4534675,Lepidoptera,Noctuidae,Heliothis,Heliothis nubigera,Heliothis nubigera,99,ACCEPTED,EXACT,SPECIES,london31May2023
4534681,Lepidoptera,Noctuidae,Heliothis,Heliothis peltigera,Heliothis peltigera,98,ACCEPTED,EXACT,SPECIES,london31May2023
4534686,Lepidoptera,Noctuidae,Heliothis,Heliothis viriplaca,Heliothis viriplaca,99,ACCEPTED,EXACT,SPECIES,london31May2023
4534389,Lepidoptera,Noctuidae,Helotropha,Helotropha leucostigma,Helotropha leucostigma,99,ACCEPTED,EXACT,SPECIES,london31May2023
1784853,Lepidoptera,Noctuidae,Hoplodrina,Hoplodrina ambigua,Hoplodrina ambigua,98,ACCEPTED,EXACT,SPECIES,london31May2023
1784826,Lepidoptera,Noctuidae,Hoplodrina,Hoplodrina blanda,Hoplodrina blanda,98,ACCEPTED,EXACT,SPECIES,london31May2023
4534290,Lepidoptera,Noctuidae,Hoplodrina,Hoplodrina octogenaria,Hoplodrina octogenaria,99,ACCEPTED,EXACT,SPECIES,london31May2023
1784824,Lepidoptera,Noctuidae,Hoplodrina,Hoplodrina superstes,Hoplodrina superstes,99,ACCEPTED,EXACT,SPECIES,london31May2023
1796678,Lepidoptera,Noctuidae,Hydraecia,Hydraecia micacea,Hydraecia micacea,99,ACCEPTED,EXACT,SPECIES,london31May2023
1796643,Lepidoptera,Noctuidae,Hydraecia,Hydraecia osseola,Hydraecia osseola,99,ACCEPTED,EXACT,SPECIES,london31May2023
1796666,Lepidoptera,Noctuidae,Hydraecia,Hydraecia petasitis,Hydraecia petasitis,99,ACCEPTED,EXACT,SPECIES,london31May2023
1798372,Lepidoptera,Noctuidae,Hyppa,Hyppa rectilinea,Hyppa rectilinea,99,ACCEPTED,EXACT,SPECIES,london31May2023
1782615,Lepidoptera,Noctuidae,Ipimorpha,Ipimorpha retusa,Ipimorpha retusa,99,ACCEPTED,EXACT,SPECIES,london31May2023
1782627,Lepidoptera,Noctuidae,Ipimorpha,Ipimorpha subtusa,Ipimorpha subtusa,99,ACCEPTED,EXACT,SPECIES,london31May2023
1792645,Lepidoptera,Noctuidae,Jodia,Jodia croceago,Jodia croceago,99,ACCEPTED,EXACT,SPECIES,london31May2023
4533947,Lepidoptera,Noctuidae,Lacanobia,Lacanobia blenna,Lacanobia blenna,99,ACCEPTED,EXACT,SPECIES,london31May2023
1759055,Lepidoptera,Noctuidae,Lacanobia,Lacanobia contigua,Lacanobia contigua,99,ACCEPTED,EXACT,SPECIES,london31May2023
1759083,Lepidoptera,Noctuidae,Lacanobia,Lacanobia oleracea,Lacanobia oleracea,99,ACCEPTED,EXACT,SPECIES,london31May2023
7972792,Lepidoptera,Noctuidae,Lacanobia,Lacanobia splendens,Lacanobia splendens,99,ACCEPTED,EXACT,SPECIES,london31May2023
4533952,Lepidoptera,Noctuidae,Lacanobia,Lacanobia suasa,Lacanobia suasa,99,ACCEPTED,EXACT,SPECIES,london31May2023
1759069,Lepidoptera,Noctuidae,Lacanobia,Lacanobia thalassina,Lacanobia thalassina,99,ACCEPTED,EXACT,SPECIES,london31May2023
1759079,Lepidoptera,Noctuidae,Lacanobia,Lacanobia w-latinum,Lacanobia w-latinum,98,ACCEPTED,EXACT,SPECIES,london31May2023
1799900,Lepidoptera,Noctuidae,Lacinipolia,Lacinipolia laudabilis,Lacinipolia laudabilis,99,ACCEPTED,EXACT,SPECIES,london31May2023
1799870,Lepidoptera,Noctuidae,Lacinipolia,Lacinipolia renigera,Lacinipolia renigera,99,ACCEPTED,EXACT,SPECIES,london31May2023
4534533,Lepidoptera,Noctuidae,Lateroligia,Lateroligia ophiogramma,Lateroligia ophiogramma,99,ACCEPTED,EXACT,SPECIES,london31May2023
4534458,Lepidoptera,Noctuidae,Lenisa,Lenisa geminipuncta,Lenisa geminipuncta,99,ACCEPTED,EXACT,SPECIES,london31May2023
10312073,Lepidoptera,Noctuidae,Agrochola,Leptologia lota,Leptologia lota,98,DOUBTFUL,EXACT,SPECIES,london31May2023
10068024,Lepidoptera,Noctuidae,Agrochola,Leptologia macilenta,Leptologia macilenta,98,DOUBTFUL,EXACT,SPECIES,london31May2023
5111574,Lepidoptera,Noctuidae,Leucania,Leucania comma,Leucania comma,99,ACCEPTED,EXACT,SPECIES,london31May2023
5772222,Lepidoptera,Noctuidae,Leucania,Leucania loreyi,Leucania loreyi,99,ACCEPTED,EXACT,SPECIES,london31May2023
8253467,Lepidoptera,Noctuidae,Leucania,Leucania obsoleta,Leucania obsoleta,99,ACCEPTED,EXACT,SPECIES,london31May2023
5111481,Lepidoptera,Noctuidae,Leucania,Leucania putrescens,Leucania putrescens,99,ACCEPTED,EXACT,SPECIES,london31May2023
1775329,Lepidoptera,Noctuidae,Leucochlaena,Leucochlaena oditis,Leucochlaena oditis,99,ACCEPTED,EXACT,SPECIES,london31May2023
1759620,Lepidoptera,Noctuidae,Lithophane,Lithophane consocia,Lithophane consocia,99,ACCEPTED,EXACT,SPECIES,london31May2023
1759661,Lepidoptera,Noctuidae,Lithophane,Lithophane furcifera,Lithophane furcifera,99,ACCEPTED,EXACT,SPECIES,london31May2023
1759686,Lepidoptera,Noctuidae,Lithophane,Lithophane lamda,Lithophane lamda,99,ACCEPTED,EXACT,SPECIES,london31May2023
1759673,Lepidoptera,Noctuidae,Lithophane,Lithophane leautieri,Lithophane leautieri,99,ACCEPTED,EXACT,SPECIES,london31May2023
1759668,Lepidoptera,Noctuidae,Lithophane,Lithophane ornitopus,Lithophane ornitopus,99,ACCEPTED,EXACT,SPECIES,london31May2023
1759597,Lepidoptera,Noctuidae,Lithophane,Lithophane semibrunnea,Lithophane semibrunnea,99,ACCEPTED,EXACT,SPECIES,london31May2023
1759667,Lepidoptera,Noctuidae,Lithophane,Lithophane socia,Lithophane socia,99,ACCEPTED,EXACT,SPECIES,london31May2023
4534538,Lepidoptera,Noctuidae,Litoligia,Litoligia literosa,Litoligia literosa,99,ACCEPTED,EXACT,SPECIES,london31May2023
4534398,Lepidoptera,Noctuidae,Longalatedes,Longalatedes elymi,Longalatedes elymi,99,ACCEPTED,EXACT,SPECIES,london31May2023
1770353,Lepidoptera,Noctuidae,Luperina,Luperina dumerilii,Luperina dumerilii,99,ACCEPTED,EXACT,SPECIES,london31May2023
1770322,Lepidoptera,Noctuidae,Luperina,Luperina nickerlii,Luperina nickerlii,99,ACCEPTED,EXACT,SPECIES,london31May2023
1770307,Lepidoptera,Noctuidae,Luperina,Luperina testacea,Luperina testacea,99,ACCEPTED,EXACT,SPECIES,london31May2023
1794590,Lepidoptera,Noctuidae,Lycophotia,Lycophotia porphyrea,Lycophotia porphyrea,99,ACCEPTED,EXACT,SPECIES,london31May2023
1768117,Lepidoptera,Noctuidae,Macdunnoughia,Macdunnoughia confusa,Macdunnoughia confusa,99,ACCEPTED,EXACT,SPECIES,london31May2023
1788522,Lepidoptera,Noctuidae,Mamestra,Mamestra brassicae,Mamestra brassicae,99,ACCEPTED,EXACT,SPECIES,london31May2023
8729319,Lepidoptera,Noctuidae,Megalographa,Megalographa biloba,Megalographa biloba,99,ACCEPTED,EXACT,SPECIES,london31May2023
1783971,Lepidoptera,Noctuidae,Meganephria,Meganephria bimaculosa,Meganephria bimaculosa,99,ACCEPTED,EXACT,SPECIES,london31May2023
1765767,Lepidoptera,Noctuidae,Melanchra,Melanchra persicariae,Melanchra persicariae,99,ACCEPTED,EXACT,SPECIES,london31May2023
1788425,Lepidoptera,Noctuidae,Mesapamea,Mesapamea didyma,Mesapamea secalis,99,SYNONYM,EXACT,SPECIES,london31May2023
1788425,Lepidoptera,Noctuidae,Mesapamea,Mesapamea secalis,Mesapamea secalis,99,ACCEPTED,EXACT,SPECIES,london31May2023
1787417,Lepidoptera,Noctuidae,Mesogona,Mesogona acetosellae,Mesogona acetosellae,98,ACCEPTED,EXACT,SPECIES,london31May2023
1760104,Lepidoptera,Noctuidae,Mesoligia,Mesoligia furuncula,Mesoligia furuncula,98,ACCEPTED,EXACT,SPECIES,london31May2023
4533347,Lepidoptera,Noctuidae,Mniotype,Mniotype adusta,Mniotype adusta,99,ACCEPTED,EXACT,SPECIES,london31May2023
4533360,Lepidoptera,Noctuidae,Mniotype,Mniotype satura,Mniotype satura,98,ACCEPTED,EXACT,SPECIES,london31May2023
4533345,Lepidoptera,Noctuidae,Mniotype,Mniotype solieri,Mniotype solieri,99,ACCEPTED,EXACT,SPECIES,london31May2023
1800004,Lepidoptera,Noctuidae,Moma,Moma alpium,Moma alpium,99,ACCEPTED,EXACT,SPECIES,london31May2023
1761735,Lepidoptera,Noctuidae,Mormo,Mormo maura,Mormo maura,98,ACCEPTED,EXACT,SPECIES,london31May2023
5772178,Lepidoptera,Noctuidae,Mythimna,Mythimna albipuncta,Mythimna albipuncta,98,ACCEPTED,EXACT,SPECIES,london31May2023
5111360,Lepidoptera,Noctuidae,Leucania,Mythimna commoides,Leucania commoides,99,SYNONYM,EXACT,SPECIES,london31May2023
5772199,Lepidoptera,Noctuidae,Mythimna,Mythimna conigera,Mythimna conigera,99,ACCEPTED,EXACT,SPECIES,london31May2023
5772176,Lepidoptera,Noctuidae,Mythimna,Mythimna ferrago,Mythimna ferrago,98,ACCEPTED,EXACT,SPECIES,london31May2023
5772210,Lepidoptera,Noctuidae,Mythimna,Mythimna impura,Mythimna impura,98,ACCEPTED,EXACT,SPECIES,london31May2023
5772172,Lepidoptera,Noctuidae,Mythimna,Mythimna l-album,Mythimna l-album,99,ACCEPTED,EXACT,SPECIES,london31May2023
5772180,Lepidoptera,Noctuidae,Mythimna,Mythimna litoralis,Mythimna litoralis,99,ACCEPTED,EXACT,SPECIES,london31May2023
5772196,Lepidoptera,Noctuidae,Mythimna,Mythimna pallens,Mythimna pallens,99,ACCEPTED,EXACT,SPECIES,london31May2023
5772202,Lepidoptera,Noctuidae,Mythimna,Mythimna pudorina,Mythimna pudorina,99,ACCEPTED,EXACT,SPECIES,london31May2023
5772205,Lepidoptera,Noctuidae,Mythimna,Mythimna straminea,Mythimna straminea,99,ACCEPTED,EXACT,SPECIES,london31May2023
1767655,Lepidoptera,Noctuidae,Mythimna,Mythimna turca,Mythimna turca,99,ACCEPTED,EXACT,SPECIES,london31May2023
5772169,Lepidoptera,Noctuidae,Mythimna,Mythimna unipuncta,Mythimna unipuncta,99,ACCEPTED,EXACT,SPECIES,london31May2023
5772206,Lepidoptera,Noctuidae,Mythimna,Mythimna vitellina,Mythimna vitellina,99,ACCEPTED,EXACT,SPECIES,london31May2023
1779334,Lepidoptera,Noctuidae,Naenia,Naenia typica,Naenia typica,99,ACCEPTED,EXACT,SPECIES,london31May2023
1789730,Lepidoptera,Noctuidae,Noctua,Noctua comes,Noctua comes,98,ACCEPTED,EXACT,SPECIES,london31May2023
1789745,Lepidoptera,Noctuidae,Noctua,Noctua fimbriata,Noctua fimbriata,99,ACCEPTED,EXACT,SPECIES,london31May2023
1789694,Lepidoptera,Noctuidae,Noctua,Noctua interjecta,Noctua interjecta,99,ACCEPTED,EXACT,SPECIES,london31May2023
1789785,Lepidoptera,Noctuidae,Noctua,Noctua janthe,Noctua janthe,99,ACCEPTED,EXACT,SPECIES,london31May2023
1789783,Lepidoptera,Noctuidae,Noctua,Noctua janthina,Noctua janthina,99,ACCEPTED,EXACT,SPECIES,london31May2023
1789755,Lepidoptera,Noctuidae,Noctua,Noctua orbona,Noctua orbona,98,ACCEPTED,EXACT,SPECIES,london31May2023
1789695,Lepidoptera,Noctuidae,Noctua,Noctua pronuba,Noctua pronuba,98,ACCEPTED,EXACT,SPECIES,london31May2023
5110644,Lepidoptera,Noctuidae,Nonagria,Nonagria typhae,Nonagria typhae,99,ACCEPTED,EXACT,SPECIES,london31May2023
1770416,Lepidoptera,Noctuidae,Ochropleura,Ochropleura leucogaster,Ochropleura leucogaster,99,ACCEPTED,EXACT,SPECIES,london31May2023
1770477,Lepidoptera,Noctuidae,Ochropleura,Ochropleura plecta,Ochropleura plecta,99,ACCEPTED,EXACT,SPECIES,london31May2023
1766510,Lepidoptera,Noctuidae,Oligia,Oligia fasciuncula,Oligia fasciuncula,98,ACCEPTED,EXACT,SPECIES,london31May2023
1766410,Lepidoptera,Noctuidae,Oligia,Oligia latruncula,Oligia latruncula,98,ACCEPTED,EXACT,SPECIES,london31May2023
7895336,Lepidoptera,Noctuidae,Oligia,Oligia strigilis,Oligia strigilis,99,ACCEPTED,EXACT,SPECIES,london31May2023
1766418,Lepidoptera,Noctuidae,Oligia,Oligia versicolor,Oligia versicolor,98,ACCEPTED,EXACT,SPECIES,london31May2023
5110818,Lepidoptera,Noctuidae,Oria,Oria musculosa,Oria musculosa,99,ACCEPTED,EXACT,SPECIES,london31May2023
1798984,Lepidoptera,Noctuidae,Orthosia,Orthosia cerasi,Orthosia cerasi,99,ACCEPTED,EXACT,SPECIES,london31May2023
-1,Lepidoptera,Noctuidae,Orthosia,Orthosia cruda,NotAvail,98,ACCEPTED,HIGHERRANK,GENUS,london31May2023
1798974,Lepidoptera,Noctuidae,Orthosia,Orthosia gothica,Orthosia gothica,99,ACCEPTED,EXACT,SPECIES,london31May2023
1798916,Lepidoptera,Noctuidae,Orthosia,Orthosia gracilis,Orthosia gracilis,98,ACCEPTED,EXACT,SPECIES,london31May2023
1799135,Lepidoptera,Noctuidae,Orthosia,Orthosia incerta,Orthosia incerta,99,ACCEPTED,EXACT,SPECIES,london31May2023
1799132,Lepidoptera,Noctuidae,Orthosia,Orthosia miniosa,Orthosia miniosa,99,ACCEPTED,EXACT,SPECIES,london31May2023
1798931,Lepidoptera,Noctuidae,Orthosia,Orthosia opima,Orthosia opima,99,ACCEPTED,EXACT,SPECIES,london31May2023
1798971,Lepidoptera,Noctuidae,Orthosia,Orthosia populeti,Orthosia populeti,99,ACCEPTED,EXACT,SPECIES,london31May2023
4534461,Lepidoptera,Noctuidae,Pabulatrix,Pabulatrix pabulatricula,Pabulatrix pabulatricula,99,ACCEPTED,EXACT,SPECIES,london31May2023
7869346,Lepidoptera,Noctuidae,Pachetra,Pachetra sagittigera,Pachetra sagittigera,99,ACCEPTED,EXACT,SPECIES,london31May2023
1799799,Lepidoptera,Noctuidae,Panemeria,Panemeria tenebrata,Panemeria tenebrata,99,ACCEPTED,EXACT,SPECIES,london31May2023
1793877,Lepidoptera,Noctuidae,Panolis,Panolis flammea,Panolis flammea,99,ACCEPTED,EXACT,SPECIES,london31May2023
1788917,Lepidoptera,Noctuidae,Papestra,Papestra biren,Papestra biren,99,ACCEPTED,EXACT,SPECIES,london31May2023
1796217,Lepidoptera,Noctuidae,Parastichtis,Parastichtis suspecta,Parastichtis suspecta,98,ACCEPTED,EXACT,SPECIES,london31May2023
1792996,Lepidoptera,Noctuidae,Peridroma,Peridroma saucia,Peridroma saucia,99,ACCEPTED,EXACT,SPECIES,london31May2023
11136655,Lepidoptera,Noctuidae,Perigea,Perigea capensis,Perigea capensis,99,ACCEPTED,EXACT,SPECIES,london31May2023
6097260,Lepidoptera,Noctuidae,Periphanes,Periphanes delphinii,Periphanes delphinii,98,ACCEPTED,EXACT,SPECIES,london31May2023
1782560,Lepidoptera,Noctuidae,Phlogophora,Phlogophora meticulosa,Phlogophora meticulosa,99,ACCEPTED,EXACT,SPECIES,london31May2023
1792379,Lepidoptera,Noctuidae,Photedes,Photedes captiuncula,Photedes captiuncula,99,ACCEPTED,EXACT,SPECIES,london31May2023
1792335,Lepidoptera,Noctuidae,Photedes,Photedes extrema,Photedes extrema,98,ACCEPTED,EXACT,SPECIES,london31May2023
1792377,Lepidoptera,Noctuidae,Photedes,Photedes fluxa,Photedes fluxa,99,ACCEPTED,EXACT,SPECIES,london31May2023
1792383,Lepidoptera,Noctuidae,Photedes,Photedes minima,Photedes minima,99,ACCEPTED,EXACT,SPECIES,london31May2023
1792390,Lepidoptera,Noctuidae,Photedes,Photedes morrisii,Photedes morrisii,99,ACCEPTED,EXACT,SPECIES,london31May2023
1772179,Lepidoptera,Noctuidae,Plusia,Plusia festucae,Plusia festucae,99,ACCEPTED,EXACT,SPECIES,london31May2023
1772169,Lepidoptera,Noctuidae,Plusia,Plusia putnami,Plusia putnami,99,ACCEPTED,EXACT,SPECIES,london31May2023
1776371,Lepidoptera,Noctuidae,Polia,Polia bombycina,Polia bombycina,99,ACCEPTED,EXACT,SPECIES,london31May2023
5772446,Lepidoptera,Noctuidae,Polia,Polia hepatica,Polia hepatica,99,ACCEPTED,EXACT,SPECIES,london31May2023
1776330,Lepidoptera,Noctuidae,Polia,Polia nebulosa,Polia nebulosa,99,ACCEPTED,EXACT,SPECIES,london31May2023
1783855,Lepidoptera,Noctuidae,Polychrysia,Polychrysia moneta,Polychrysia moneta,99,ACCEPTED,EXACT,SPECIES,london31May2023
1780926,Lepidoptera,Noctuidae,Polymixis,Polymixis flavicincta,Polymixis flavicincta,99,ACCEPTED,EXACT,SPECIES,london31May2023
4533285,Lepidoptera,Noctuidae,Polymixis,Polymixis lichenea,Polymixis lichenea,99,ACCEPTED,EXACT,SPECIES,london31May2023
1780954,Lepidoptera,Noctuidae,Polymixis,Polymixis xanthomista,Polymixis xanthomista,99,ACCEPTED,EXACT,SPECIES,london31May2023
1784359,Lepidoptera,Noctuidae,Polyphaenis,Polyphaenis sericata,Polyphaenis sericata,98,ACCEPTED,EXACT,SPECIES,london31May2023
4534403,Lepidoptera,Noctuidae,Protarchanara,Protarchanara brevilinea,Protarchanara brevilinea,99,ACCEPTED,EXACT,SPECIES,london31May2023
4532890,Lepidoptera,Noctuidae,Deltote,Protodeltote pygarga,Deltote pygarga,99,SYNONYM,EXACT,SPECIES,london31May2023
1762608,Lepidoptera,Noctuidae,Protolampra,Protolampra sobrina,Protolampra sobrina,99,ACCEPTED,EXACT,SPECIES,london31May2023
1767511,Lepidoptera,Noctuidae,Protoschinia,Protoschinia scutosa,Protoschinia scutosa,98,ACCEPTED,EXACT,SPECIES,london31May2023
1774959,Lepidoptera,Noctuidae,Pseudenargia,Pseudenargia ulicis,Pseudenargia ulicis,99,ACCEPTED,EXACT,SPECIES,london31May2023
1799701,Lepidoptera,Noctuidae,Pseudeustrotia,Pseudeustrotia candidula,Pseudeustrotia candidula,99,ACCEPTED,EXACT,SPECIES,london31May2023
5109438,Lepidoptera,Noctuidae,Acontia,Pseudoplusia includens,Acontia margaritata,99,SYNONYM,EXACT,SPECIES,london31May2023
1779641,Lepidoptera,Noctuidae,Pyrrhia,Pyrrhia umbra,Pyrrhia umbra,99,ACCEPTED,EXACT,SPECIES,london31May2023
5108957,Lepidoptera,Noctuidae,Raphia,Raphia frater,Raphia frater,99,ACCEPTED,EXACT,SPECIES,london31May2023
8105817,Lepidoptera,Noctuidae,Rhizedra,Rhizedra lutosa,Rhizedra lutosa,99,ACCEPTED,EXACT,SPECIES,london31May2023
1790651,Lepidoptera,Noctuidae,Rhyacia,Rhyacia lucipeta,Rhyacia lucipeta,99,ACCEPTED,EXACT,SPECIES,london31May2023
1790625,Lepidoptera,Noctuidae,Rhyacia,Rhyacia simulans,Rhyacia simulans,99,ACCEPTED,EXACT,SPECIES,london31May2023
4534299,Lepidoptera,Noctuidae,Charanyca,Rusina ferruginea,Charanyca ferruginea,99,SYNONYM,EXACT,SPECIES,london31May2023
9474256,Lepidoptera,Noctuidae,Schinia,Schinia rivulosa,Schinia rivulosa,99,ACCEPTED,EXACT,SPECIES,london31May2023
1776207,Lepidoptera,Noctuidae,Scotochrosta,Scotochrosta pulla,Scotochrosta pulla,98,ACCEPTED,EXACT,SPECIES,london31May2023
1770573,Lepidoptera,Noctuidae,Sedina,Sedina buettneri,Sedina buettneri,99,ACCEPTED,EXACT,SPECIES,london31May2023
1778127,Lepidoptera,Noctuidae,Senta,Senta flammea,Senta flammea,99,ACCEPTED,EXACT,SPECIES,london31May2023
1762383,Lepidoptera,Noctuidae,Sesamia,Sesamia nonagrioides,Sesamia nonagrioides,99,ACCEPTED,EXACT,SPECIES,london31May2023
7537451,Lepidoptera,Noctuidae,Shargacucullia,Shargacucullia caninae,Shargacucullia caninae,99,ACCEPTED,EXACT,SPECIES,london31May2023
8116389,Lepidoptera,Noctuidae,Shargacucullia,Shargacucullia prenanthis,Shargacucullia prenanthis,99,ACCEPTED,EXACT,SPECIES,london31May2023
4534057,Lepidoptera,Noctuidae,Sideridis,Sideridis reticulata,Sideridis reticulata,98,ACCEPTED,EXACT,SPECIES,london31May2023
4534052,Lepidoptera,Noctuidae,Sideridis,Sideridis rivularis,Sideridis rivularis,99,ACCEPTED,EXACT,SPECIES,london31May2023
4534046,Lepidoptera,Noctuidae,Sideridis,Sideridis turbida,Sideridis turbida,99,ACCEPTED,EXACT,SPECIES,london31May2023
1762244,Lepidoptera,Noctuidae,Simyra,Simyra albovenosa,Simyra albovenosa,99,ACCEPTED,EXACT,SPECIES,london31May2023
1774347,Lepidoptera,Noctuidae,Spaelotis,Spaelotis ravida,Spaelotis ravida,99,ACCEPTED,EXACT,SPECIES,london31May2023
5109843,Lepidoptera,Noctuidae,Spodoptera,Spodoptera cilium,Spodoptera cilium,99,ACCEPTED,EXACT,SPECIES,london31May2023
5109850,Lepidoptera,Noctuidae,Spodoptera,Spodoptera eridania,Spodoptera eridania,99,ACCEPTED,EXACT,SPECIES,london31May2023
8352161,Lepidoptera,Noctuidae,Spodoptera,Spodoptera exigua,Spodoptera exigua,99,ACCEPTED,EXACT,SPECIES,london31May2023
5109931,Lepidoptera,Noctuidae,Spodoptera,Spodoptera littoralis,Spodoptera littoralis,99,ACCEPTED,EXACT,SPECIES,london31May2023
5109882,Lepidoptera,Noctuidae,Spodoptera,Spodoptera litura,Spodoptera litura,99,ACCEPTED,EXACT,SPECIES,london31May2023
1778517,Lepidoptera,Noctuidae,Standfussiana,Standfussiana lucernea,Standfussiana lucernea,99,ACCEPTED,EXACT,SPECIES,london31May2023
1789481,Lepidoptera,Noctuidae,Stilbia,Stilbia anomala,Stilbia anomala,98,ACCEPTED,EXACT,SPECIES,london31May2023
1782777,Lepidoptera,Noctuidae,Acronicta,Subacronicta megacephala,Acronicta megacephala,99,SYNONYM,EXACT,SPECIES,london31May2023
10638451,Lepidoptera,Noctuidae,Sunira,Sunira circellaris,Sunira circellaris,99,ACCEPTED,EXACT,SPECIES,london31May2023
8292872,Lepidoptera,Noctuidae,Syngrapha,Syngrapha interrogationis,Syngrapha interrogationis,98,ACCEPTED,EXACT,SPECIES,london31May2023
1766086,Lepidoptera,Noctuidae,Synthymia,Synthymia fixa,Synthymia fixa,99,ACCEPTED,EXACT,SPECIES,london31May2023
5110213,Lepidoptera,Noctuidae,Thalpophila,Thalpophila matura,Thalpophila matura,98,ACCEPTED,EXACT,SPECIES,london31May2023
1771531,Lepidoptera,Noctuidae,Tholera,Tholera cespitis,Tholera cespitis,99,ACCEPTED,EXACT,SPECIES,london31May2023
1771509,Lepidoptera,Noctuidae,Tholera,Tholera decimalis,Tholera decimalis,99,ACCEPTED,EXACT,SPECIES,london31May2023
4532908,Lepidoptera,Noctuidae,Thysanoplusia,Thysanoplusia daubei,Thysanoplusia daubei,99,ACCEPTED,EXACT,SPECIES,london31May2023
1795068,Lepidoptera,Noctuidae,Thysanoplusia,Thysanoplusia orichalcea,Thysanoplusia orichalcea,99,ACCEPTED,EXACT,SPECIES,london31May2023
4533136,Lepidoptera,Noctuidae,Tiliacea,Tiliacea aurago,Tiliacea aurago,99,ACCEPTED,EXACT,SPECIES,london31May2023
4533128,Lepidoptera,Noctuidae,Tiliacea,Tiliacea citrago,Tiliacea citrago,99,ACCEPTED,EXACT,SPECIES,london31May2023
1760593,Lepidoptera,Noctuidae,Trachea,Trachea atriplicis,Trachea atriplicis,98,ACCEPTED,EXACT,SPECIES,london31May2023
1786360,Lepidoptera,Noctuidae,Trichoplusia,Trichoplusia ni,Trichoplusia ni,99,ACCEPTED,EXACT,SPECIES,london31May2023
1763697,Lepidoptera,Noctuidae,Trigonophora,Trigonophora flammea,Trigonophora flammea,99,ACCEPTED,EXACT,SPECIES,london31May2023
1774285,Lepidoptera,Noctuidae,Valeria,Valeria oleagina,Valeria oleagina,99,ACCEPTED,EXACT,SPECIES,london31May2023
6116899,Lepidoptera,Noctuidae,Vittaplusia,Vittaplusia vittata,Vittaplusia vittata,99,ACCEPTED,EXACT,SPECIES,london31May2023
1771698,Lepidoptera,Noctuidae,Xanthia,Xanthia togata,Xanthia togata,99,ACCEPTED,EXACT,SPECIES,london31May2023
1777727,Lepidoptera,Noctuidae,Xanthopastis,Xanthopastis timais,Xanthopastis timais,99,ACCEPTED,EXACT,SPECIES,london31May2023
5112254,Lepidoptera,Noctuidae,Xestia,Xestia agathina,Xestia agathina,99,ACCEPTED,EXACT,SPECIES,london31May2023
7921916,Lepidoptera,Noctuidae,Xestia,Xestia alpicola,Xestia alpicola,99,ACCEPTED,EXACT,SPECIES,london31May2023
8043500,Lepidoptera,Noctuidae,Xestia,Xestia ashworthii,Xestia ashworthii,99,ACCEPTED,EXACT,SPECIES,london31May2023
5112291,Lepidoptera,Noctuidae,Xestia,Xestia baja,Xestia baja,99,ACCEPTED,EXACT,SPECIES,london31May2023
5714973,Lepidoptera,Noctuidae,Xestia,Xestia c-nigrum,Xestia c-nigrum,98,ACCEPTED,EXACT,SPECIES,london31May2023
5112336,Lepidoptera,Noctuidae,Xestia,Xestia castanea,Xestia castanea,99,ACCEPTED,EXACT,SPECIES,london31May2023
5772349,Lepidoptera,Noctuidae,Xestia,Xestia ditrapezium,Xestia ditrapezium,99,ACCEPTED,EXACT,SPECIES,london31May2023
5112155,Lepidoptera,Noctuidae,Xestia,Xestia sexstrigata,Xestia sexstrigata,99,ACCEPTED,EXACT,SPECIES,london31May2023
5112362,Lepidoptera,Noctuidae,Xestia,Xestia stigmatica,Xestia rhomboidea,99,SYNONYM,EXACT,SPECIES,london31May2023
5772351,Lepidoptera,Noctuidae,Xestia,Xestia triangulum,Xestia triangulum,99,ACCEPTED,EXACT,SPECIES,london31May2023
5112283,Lepidoptera,Noctuidae,Xestia,Xestia xanthographa,Xestia xanthographa,99,ACCEPTED,EXACT,SPECIES,london31May2023
1790364,Lepidoptera,Noctuidae,Xylena,Xylena exsoleta,Xylena exsoleta,99,ACCEPTED,EXACT,SPECIES,london31May2023
9174377,Lepidoptera,Noctuidae,Xylena,Xylena solidaginis,Xylena solidaginis,99,ACCEPTED,EXACT,SPECIES,london31May2023
1790361,Lepidoptera,Noctuidae,Xylena,Xylena vetusta,Xylena vetusta,99,ACCEPTED,EXACT,SPECIES,london31May2023
1768150,Lepidoptera,Noctuidae,Xylocampa,Xylocampa areola,Xylocampa areola,99,ACCEPTED,EXACT,SPECIES,london31May2023
